Player,Bowl_Inns,Overs,Mdns,Bowl_Runs,Wkts,Bowl_Ave,Econ,Bowl_SSR
SL Malinga,79,284.5,1,2061,106,19.44,7.23,16.1
Shahid Afridi,97,361.2,4,2396,98,24.44,6.63,22.1
Shakib Al Hasan,75,277.5,2,1894,92,20.58,6.81,18.1
Saeed Ajmal,63,238.2,2,1516,85,17.83,6.36,16.8
Umar Gul,60,200.3,2,1443,85,16.97,7.19,14.1
Rashid Khan,45,171,1,1052,84,12.52,6.15,12.2
GH Dockrell,69,221.2,1,1539,75,20.52,6.95,17.7
TG Southee,64,233.3,2,1954,75,26.05,8.36,18.6
Mohammad Nabi,75,256.4,5,1839,69,26.65,7.16,22.3
KMDN Kulasekara,58,205.1,6,1530,66,23.18,7.45,18.6
BAW Mendis,39,147.3,5,952,66,14.42,6.45,13.4
SCJ Broad,55,195.3,2,1491,65,22.93,7.62,18
Imran Tahir,38,140.5,0,948,63,15.04,6.73,13.4
DW Steyn,44,157.1,3,1068,61,17.5,6.79,15.4
Mohammad Amir,48,175.4,5,1224,59,20.74,6.96,17.8
NL McCullum,59,187.1,0,1278,58,22.03,6.82,19.3
KJ O'Brien,51,150.3,0,1134,58,19.55,7.53,15.5
S Badree,52,191,4,1180,56,21.07,6.17,20.4
CJ Jordan,43,151.3,0,1300,54,24.07,8.58,16.8
Mohammad Hafeez,67,186.1,2,1226,54,22.7,6.58,20.6
Sohail Tanvir,57,202.2,3,1454,54,26.92,7.18,22.4
RE van der Merwe,42,149.1,1,938,54,17.37,6.28,16.5
WB Rankin,47,170,2,1138,53,21.47,6.69,19.2
PM Seelaar,58,172.3,3,1190,53,22.45,6.89,19.5
R Ashwin,46,171,2,1193,52,22.94,6.97,19.7
DJ Bravo,56,173.4,0,1470,52,28.26,8.46,20
YS Chahal,36,140.3,1,1139,52,21.9,8.1,16.2
Mustafizur Rahman,37,135.1,3,1065,52,20.48,7.87,15.5
SP Narine,49,183.4,1,1105,52,21.25,6.01,21.1
JJ Bumrah,42,153.1,5,1029,51,20.17,6.71,18
NLTC Perera,64,175.4,1,1628,51,31.92,9.26,20.6
GP Swann,38,135,4,859,51,16.84,6.36,15.8
MJ Santner,38,128.5,1,928,49,18.93,7.2,15.7
SM Sharif,41,143.5,0,1185,49,24.18,8.23,17.6
SR Watson,49,155,2,1187,48,24.72,7.65,19.3
M Morkel,44,158.4,3,1191,47,25.34,7.5,20.2
IS Sodhi,39,138.3,0,1131,47,24.06,8.16,17.6
PA van Meekeren,39,136.1,2,945,47,20.1,6.94,17.3
Shadab Khan,36,135.3,1,948,46,20.6,6.99,17.6
Bilal Khan,31,111,2,778,45,17.28,7,14.8
MRJ Watt,33,125,2,903,45,20.06,7.22,16.6
Abdur Razzak,33,121.4,4,838,44,19.04,6.88,16.5
Ahsan Malik,29,95.5,1,730,44,16.59,7.61,13
DJG Sammy,59,152.4,0,1116,44,25.36,7.31,20.8
Mudassar Bukhari,35,117.2,4,780,43,18.13,6.64,16.3
KD Mills,42,149.3,1,1228,43,28.55,8.21,20.8
Imad Wasim,40,147,3,877,42,20.88,5.96,21
Mashrafe Mortaza,53,189.5,1,1527,42,36.35,8.04,27.1
B Kumar,43,154.2,2,1088,41,26.53,7.04,22.5
WD Parnell,39,124.5,3,1038,41,25.31,8.31,18.2
KOK Williams,24,86.5,2,724,41,17.65,8.33,12.7
AlAmin Hossain,26,91.2,0,673,40,16.82,7.36,13.7
Dawlat Zadran,34,123.3,2,980,40,24.5,7.93,18.5
T van der Gugten,38,118.5,0,847,40,21.17,7.12,17.8
TA Boult,27,98.5,1,854,39,21.89,8.64,15.2
JW Dernbach,33,117,1,1020,39,26.15,8.71,18
AU Rashid,38,133,1,1000,39,25.64,7.51,20.4
Rohan Mustafa,36,113.5,2,774,39,19.84,6.79,17.5
MA Starc,28,106.3,1,718,39,18.41,6.74,16.3
MG Johnson,30,109.2,2,797,38,20.97,7.28,17.2
HH Pandya,39,116.5,1,976,38,25.68,8.35,18.4
DL Vettori,34,131.1,1,748,38,19.68,5.7,20.7
J Botha,39,129,1,823,37,22.24,6.37,20.9
Kuldeep Yadav,19,71.3,1,499,37,13.48,6.97,11.5
AD Mathews,57,161.3,4,1101,37,29.75,6.81,26.1
Mohammad Naveed,31,114.4,5,729,37,19.7,6.35,18.5
AJ Tye,25,91.5,1,815,37,22.02,8.87,14.8
AC Evans,25,93,4,689,36,19.13,7.4,15.5
JP Faulkner,24,85.5,0,684,36,19,7.96,14.3
AG Cremer,28,95,1,660,35,18.85,6.94,16.2
AR Cusack,33,101,3,714,35,20.4,7.06,17.3
Hasan Ali,30,103.3,3,877,35,25.05,8.47,17.7
RA Jadeja,46,152.1,4,1093,35,31.22,7.18,26
SO Ngoche,28,94,0,637,35,18.2,6.77,16.1
Shapoor Zadran,34,107.5,3,843,35,24.08,7.81,18.4
N Vanua,25,81.4,3,505,35,14.42,6.18,14
Aizaz Khan,30,99.2,2,692,34,20.35,6.96,17.5
NM CoulterNile,27,97,1,802,34,23.58,8.26,17.1
CH Morris,23,83,3,697,34,20.5,8.39,14.6
A Nehra,27,98,2,758,34,22.29,7.73,17.2
DJ Willey,28,92.5,0,761,34,22.38,8.19,16.3
Amjad Javed,22,74.2,1,560,33,16.96,7.53,13.5
Karan KC,25,82.3,0,631,33,19.12,7.64,15
JE Taylor,30,100,2,863,33,26.15,8.63,18.1
PJ Cummins,25,95,3,644,32,20.12,6.77,17.8
Hamid Hassan,22,79.4,2,523,32,16.34,6.56,14.9
DT Johnston,28,99,5,636,32,19.87,6.42,18.5
SC Williams,37,123,0,890,32,27.81,7.23,23
CR Brathwaite,39,118.1,1,1013,31,32.67,8.57,22.8
Mahmudullah,54,117.5,2,861,31,27.77,7.3,22.8
CB Mpofu,30,107.5,0,950,31,30.64,8.8,20.8
SS Cottrell,22,76,2,615,30,20.5,8.09,15.2
MJ McClenaghan,29,101.2,2,789,30,26.3,7.78,20.2
Wahab Riaz,30,101.3,2,813,30,27.1,8,20.3
Amir Hamza,31,106,2,716,29,24.68,6.75,21.9
Khawar Ali,27,82,0,534,29,18.41,6.51,16.9
AL Phehlukwayo,22,69.5,0,550,29,18.96,7.87,14.4
R Rampaul,23,82.5,1,705,29,24.31,8.51,17.1
BD Glover,19,65,0,448,28,16,6.89,13.9
RM Haq,20,75,1,472,28,16.85,6.29,16
KM Jarvis,22,74.4,0,665,28,23.75,8.9,16
S Lamichhane,18,64,0,439,28,15.67,6.85,13.7
B Lee,25,90.5,0,714,28,25.5,7.86,19.4
DP Nannes,16,61,2,459,28,16.39,7.52,13
IK Pathan,23,77,1,618,28,22.07,8.02,16.5
KA Pollard,44,97,0,830,28,29.64,8.55,20.7
K Rabada,21,77.2,0,648,28,23.14,8.37,16.5
Rubel Hossain,26,94.3,0,879,28,31.39,9.3,20.2
Samiullah Shinwari,38,105.4,0,688,28,24.57,6.51,22.6
Shoaib Malik,46,90,0,644,28,23,7.15,19.2
SW Tait,21,79.4,2,589,28,21.03,7.39,17
Yuvraj Singh,31,70.4,0,499,28,17.82,7.06,15.1
A Zampa,26,93,1,572,28,20.42,6.15,19.9
MR Adair,17,62.5,2,413,27,15.29,6.57,13.9
HS Baidwan,17,53.5,1,411,27,15.22,7.63,11.9
RD Berrington,37,81.2,0,609,27,22.55,7.48,18
ST Finn,21,80,0,583,27,21.59,7.28,17.7
B Stanlake,19,70,2,544,27,20.14,7.77,15.5
KJ Abbott,21,72.4,0,579,26,22.26,7.96,16.7
Iqbal Hussain,15,52.1,0,426,26,16.38,8.16,12
GJ Maxwell,40,94,0,704,26,27.07,7.48,21.6
JA Morkel,46,107.5,2,864,26,33.23,8.01,24.8
Sompal Kami,28,90,1,644,26,24.76,7.15,20.7
MC Sorensen,22,65,2,471,26,18.11,7.24,15
P Utseya,35,124.5,2,858,26,33,6.87,28.8
SE Bond,20,77.3,2,543,25,21.72,7,18.6
TL Chatara,21,75,1,591,25,23.64,7.88,18
Harbhajan Singh,27,102,5,633,25,25.32,6.2,24.4
AF Milne,21,72.5,1,541,25,21.64,7.42,17.4
Nadeem Ahmed,24,82.3,3,546,25,21.84,6.61,19.8
LE Plunkett,22,79.2,1,627,25,25.08,7.9,19
B Regmi,18,62.1,0,405,25,16.2,6.51,14.9
AD Russell,40,99.1,0,908,25,36.32,9.15,23.8
SMSM Senanayake,23,81,0,549,25,21.96,6.77,19.4
DG Blampied,17,61.4,1,395,24,16.45,6.4,15.4
TT Bresnan,34,110.3,1,887,24,36.95,8.02,27.6
JH Davey,20,74.4,0,610,24,25.41,8.16,18.6
Faheem Ashraf,26,74.3,1,557,24,23.2,7.47,18.6
Haseeb Amjad,18,61.2,3,453,24,18.87,7.38,15.3
Karim Janat,21,73,0,614,24,25.58,8.41,18.2
N Nipiko,13,39.2,0,311,24,12.95,7.9,9.8
KMA Paul,18,65,0,540,24,22.5,8.3,16.2
RJ Peterson,19,59.5,1,451,24,18.79,7.53,14.9
D Ravu,16,42.1,0,221,24,9.2,5.24,10.5
D Wiese,20,65.2,0,497,24,20.7,7.6,16.3
IG Butler,18,59.4,1,481,23,20.91,8.06,15.5
CO Obuya,18,52.2,0,334,23,14.52,6.38,13.6
RJ Sidebottom,18,61.1,0,437,23,19,7.14,15.9
I Udana,26,85.1,1,725,23,31.52,8.51,22.2
CA Young,25,77,1,635,23,27.6,8.24,20
Aamir Kaleem,20,54,0,388,22,17.63,7.18,14.7
A Dananjaya,22,79.4,1,620,22,28.18,7.78,21.7
Mohammad Nadeem,22,68,0,445,22,20.22,6.54,18.5
MN Samuels,30,79.5,0,622,22,28.27,7.79,21.7
BM Scholtz,14,53,0,285,22,12.95,5.37,14.4
AC Botha,10,34,0,184,21,8.76,5.41,9.7
JP Duminy,41,77.1,0,599,21,28.52,7.76,22
JN Frylinck,13,42.1,0,240,21,11.42,5.69,12
Mohammad Sami,13,46,0,387,21,18.42,8.41,13.1
Abdul Razzaq,22,56.3,2,395,20,19.75,6.99,16.9
Ahmed Raza,35,120.2,1,779,20,38.95,6.47,36.1
DAJ Bracewell,16,47.4,0,437,20,21.85,9.16,14.3
JEC Franklin,26,54.3,0,417,20,20.85,7.65,16.3
FJ Klaassen,20,69.1,0,581,20,29.05,8.4,20.7
Mujeeb Ur Rahman,16,60,0,324,20,16.2,5.4,18
T Panyangara,14,50.3,1,398,20,19.9,7.88,15.1
CW Perchard,13,46.5,0,275,20,13.75,5.87,14
AM Phangiso,16,57,0,443,20,22.15,7.77,17.1
A Vala,16,44.5,1,249,20,12.45,5.55,13.4
C Viljoen,12,37.1,0,236,20,11.8,6.34,11.1
Zahoor Khan,18,59.3,0,442,20,22.1,7.42,17.8
CJA Amini,21,63.1,0,367,19,19.31,5.81,19.9
Amjad Mahboob,11,37.4,1,317,19,16.68,8.41,11.8
NW Bracken,19,62.5,2,438,19,23.05,6.97,19.8
D Heyliger,11,42,0,306,19,16.1,7.28,13.2
DJ Hussey,25,60.1,1,392,19,20.63,6.51,19
ST Jayasuriya,24,61.5,0,456,19,24,7.37,19.5
JDP Oram,32,91,0,793,19,41.73,8.71,28.7
N Pokana,18,56.5,2,328,19,17.26,5.77,17.9
Shoaib Akhtar,15,53,3,432,19,22.73,8.15,16.7
Tanwir Afzal,21,71,2,509,19,26.78,7.16,22.4
JM Anderson,19,70.2,1,552,18,30.66,7.84,23.4
SJ Benn,24,84,3,606,18,33.66,7.21,28
PW Borren,30,87.4,0,603,18,33.5,6.87,29.2
Fareed Ahmad,14,47.5,0,405,18,22.5,8.46,15.9
CRD Fernando,18,63,3,464,18,25.77,7.36,21
Hamza Tahir,11,43,1,352,18,19.55,8.18,14.3
BE Hendricks,11,38.1,0,317,18,17.61,8.3,12.7
HMRKB Herath,17,60.5,3,373,18,20.72,6.13,20.2
Izatullah Dawlatzai,14,50.4,0,345,18,19.16,6.8,16.8
MA Leask,22,59.3,0,499,18,27.72,8.38,19.8
Nouman Sarwar,13,34.5,1,267,18,14.83,7.66,11.6
K Santokie,12,40.5,0,278,18,15.44,6.8,13.6
SB Styris,21,51.3,0,349,18,19.38,6.77,17.1
SR Thompson,30,79,0,670,18,37.22,8.48,26.3
LL Tsotsobe,23,78,2,541,18,30.05,6.93,26
HA Varaiya,24,77.2,2,461,18,25.61,5.96,25.7
LJ Wright,23,55,0,465,18,25.83,8.45,18.3
Zeeshan Maqsood,19,62,0,416,18,23.11,6.7,20.6
AC Agar,21,67,1,464,17,27.29,6.92,23.6
DL Chahar,10,35.5,1,251,17,14.76,7,12.6
AB Dinda,9,30,1,245,17,14.41,8.16,10.5
CH Gayle,23,53.1,0,377,17,22.17,7.09,18.7
Z Khan,17,58.4,0,448,17,26.35,7.63,20.7
CK Langeveldt,9,33,0,241,17,14.17,7.3,11.6
R McLaren,12,43.5,0,332,17,19.52,7.57,15.4
EJB Miles,14,40,0,266,17,15.64,6.65,14.1
KW Richardson,15,56,0,447,17,26.29,7.98,19.7
Saad Bin Zafar,11,43,2,285,17,16.76,6.62,15.1
SPD Smith,17,48.3,1,377,17,22.17,7.77,17.1
A Bohara,16,54,0,350,16,21.87,6.48,20.2
RS Bopara,21,53.4,1,387,16,24.18,7.21,20.1
PVD Chameera,19,67.1,0,574,16,35.87,8.54,25.1
E Chigumbura,21,46,0,427,16,26.68,9.28,17.2
PD Collingwood,20,39,0,347,16,21.68,8.89,14.6
TK Curran,15,48,1,418,16,26.12,8.7,18
GJ Delany,17,53,1,391,16,24.43,7.37,19.8
GD Drummond,17,55,1,381,16,23.81,6.92,20.6
FH Edwards,20,60,0,497,16,31.06,8.28,22.5
Gulbadin Naib,28,68,0,560,16,35,8.23,25.5
A Mishra,10,38,1,240,16,15,6.31,14.2
Mohammad Irfan,22,75.3,0,562,16,35.12,7.44,28.3
NN Odhiambo,21,56.1,1,468,16,29.25,8.33,21
JS Patel,10,33.1,1,269,16,16.81,8.11,12.4
Shafiul Islam,17,56.4,1,459,16,28.68,8.1,21.2
JJ Smit,10,37.1,0,234,16,14.62,6.29,13.9
PR Stirling,33,78,1,600,16,37.5,7.69,29.2
Yasir Arafat,13,39.2,0,316,16,19.75,8.03,14.7
RG Aga,19,48,1,306,15,20.4,6.37,19.2
MM Ali,22,60.2,0,519,15,34.6,8.6,24.1
PKD Chase,12,41.5,0,416,15,27.73,9.94,16.7
N Pradeep,14,44.1,0,407,15,27.13,9.21,17.6
Janak Prakash,12,41.4,1,309,15,20.6,7.41,16.6
SM Pollock,11,40.3,1,309,15,20.6,7.62,16.2
MJG Rippon,17,50.4,2,310,15,20.66,6.11,20.2
Simi Singh,18,43.2,0,344,15,22.93,7.93,17.3
RP Singh,9,33,0,225,15,15,6.81,13.2
Sultan Ahmed,17,55,3,365,15,24.33,6.63,22
Washington Sundar,18,63,1,417,15,27.8,6.61,25.2
Ahmed Wardak,8,27.5,0,170,14,12.14,6.1,11.9
CJ Anderson,21,60,0,495,14,35.35,8.25,25.7
CJ Chibhabha,22,53.5,0,455,14,32.5,8.45,23
Ehsan Khan,15,54.4,0,325,14,23.21,5.94,23.4
GD Elliott,15,32,0,235,14,16.78,7.34,13.7
LH Ferguson,8,31,0,222,14,15.85,7.16,13.2
AW HawkinsKay,15,36,0,266,14,19,7.38,15.4
Karim Sadiq,28,70,0,482,14,34.42,6.88,30
Mirwais Ashraf,22,65.2,1,444,14,31.71,6.79,28
E Otieno,18,50.5,1,370,14,26.42,7.27,21.7
KH Pandya,18,66.2,1,538,14,38.42,8.11,28.4
Sami Sohail,7,26,3,164,14,11.71,6.3,11.1
Shaheen Shah Afridi,10,38,0,288,14,20.57,7.57,16.2
CA Soper,12,33,0,153,14,10.92,4.63,14.1
MR Swart,20,53,1,351,14,25.07,6.62,22.7
JD Unadkat,10,34.4,0,301,14,21.5,8.68,14.8
KK Ahmed,14,52,1,459,13,35.3,8.82,24
SR Clark,9,36,0,237,13,18.23,6.58,16.6
CJ Dala,9,30,1,282,13,21.69,9.4,13.8
Fitri Sham,14,42.3,0,312,13,24,7.34,19.6
JO Holder,17,62.1,0,524,13,40.3,8.42,28.6
JK Kamande,10,34.2,1,212,13,16.3,6.17,15.8
AR McBrine,13,29,0,216,13,16.61,7.44,13.3
A Mansale,10,26,0,176,13,13.53,6.76,12
Mohammad Asif,11,42.5,1,343,13,26.38,8,19.7
Mohammad Shahzad,19,48.1,0,411,13,31.61,8.53,22.2
M Muralitharan,12,47,0,297,13,22.84,6.31,21.6
TJ Murtagh,14,44.4,0,324,13,24.92,7.25,20.6
JDS Neesham,16,37.4,0,323,13,24.84,8.57,17.3
GH O'Brien,11,38.3,2,232,13,17.84,6.02,17.7
YK Pathan,17,50.5,0,438,13,33.69,8.61,23.4
Pavandeep Singh,10,35.1,0,249,13,19.15,7.08,16.2
RW Price,16,61.3,4,378,13,29.07,6.14,28.3
SK Raina,27,58.1,0,442,13,34,7.59,26.8
PADLR Sandakan,14,55,1,400,13,30.76,7.27,25.3
S Snater,12,34.5,0,337,13,25.92,9.67,16
Tamoor Sajjad,12,43.2,1,309,13,23.76,7.13,20
RN ten Doeschate,10,35,0,245,13,18.84,7,16.1
Usman Shinwari,16,51,0,424,13,32.61,8.31,23.5
Arafat Sunny,10,31,0,230,12,19.16,7.41,15.5
Baljit Singh,7,23,0,127,12,10.58,5.52,11.5
TS Chisoro,12,46,1,316,12,26.33,6.86,23
PWH de Silva,8,25.4,0,204,12,17,7.94,12.8
GDR Eranga,9,31.5,1,204,12,17,6.4,15.9
MG Erasmus,10,32.1,0,171,12,14.25,5.31,16
Ibrahim Hassan,11,35.5,1,291,12,24.25,8.12,17.9
JH Kallis,19,46,1,333,12,27.75,7.23,23
LC Le Tissier,9,35,0,207,12,17.25,5.91,17.5
N Madziva,15,46.5,0,417,12,34.75,8.9,23.4
WP Masakadza,12,40,1,312,12,26,7.8,20
AD Mascarenhas,14,42,0,309,12,25.75,7.35,21
BMAJ Mendis,14,35,0,249,12,20.75,7.11,17.5
Mohammad Nawaz,16,50,1,340,12,28.33,6.8,25
Mohammad Saifuddin,13,43,0,386,12,32.16,8.97,21.5
Muhammad Kashif,9,27,1,212,12,17.66,7.85,13.5
J Mulder,8,29,0,192,12,16,6.62,14.5
JD Nel,9,31,3,169,12,14.08,5.45,15.5
T Shamsi,16,57,1,429,12,35.75,7.52,28.5
BDH Stevens,14,40.2,0,249,12,20.75,6.17,20.1
Taskin Ahmed,17,55.5,1,438,12,36.5,7.84,27.9
J Theron,9,32.2,0,261,12,21.75,8.07,16.1
SO Tikolo,10,28.2,0,168,12,14,5.92,14.1
Umar Adam,8,27,0,168,12,14,6.22,13.5
S Vijayakumar,9,28,1,204,12,17,7.28,14
Zulfiqar Babar,7,26,1,185,12,15.41,7.11,13
Abdur Rehman,8,26,0,192,11,17.45,7.38,14.1
Aftab Alam,12,40.5,0,324,11,29.45,7.93,22.2
Anwar Rahman,8,23.3,1,117,11,10.63,4.97,12.8
MA Baig,7,26,0,160,11,14.54,6.15,14.1
RP Burl,15,33,1,279,11,25.36,8.45,18
DT Christian,16,35.3,0,317,11,28.81,8.92,19.3
N Dutta,11,39,0,253,11,23,6.48,21.2
Irfan Ahmed,8,27,0,190,11,17.27,7.03,14.7
D Maisuria,5,17.1,0,121,11,11,7.04,9.3
NO Miller,9,31.4,0,224,11,20.36,7.07,17.2
Mohammed Nadeem,15,52,0,364,11,33.09,7,28.3
Muhamad Syahadat,8,21,0,127,11,11.54,6.04,11.4
L Ngidi,7,20,0,128,11,11.63,6.4,10.9
SH Obed,9,28,0,190,11,17.27,6.78,15.2
NM Odhiambo,14,41,0,319,11,29,7.78,22.3
TM Odoyo,10,36,0,170,11,15.45,4.72,19.6
TK Patel,6,22,0,146,11,13.27,6.63,12
Sikandar Raza,22,46,0,376,11,34.18,8.17,25
DT Tiripano,10,34.3,0,278,11,25.27,8.05,18.8
MA Wood,5,17.3,0,148,11,13.45,8.45,9.5
MH Yardy,13,46,0,299,11,27.18,6.5,25
Anwar Ali,15,44.1,0,367,10,36.7,8.3,26.5
P Arrighi,5,19,2,84,10,8.4,4.42,11.4
Awais Malik,11,33,0,279,10,27.9,8.45,19.8
L Balaji,5,16,0,121,10,12.1,7.56,9.6
K Christie,11,39,0,292,10,29.2,7.48,23.4
PC Connell,8,25.3,1,156,10,15.6,6.11,15.3
C de Grandhomme,18,47.5,0,432,10,43.2,9.03,28.7
XJ Doherty,11,38,0,300,10,30,7.89,22.8
Fayyaz Butt,14,43.3,0,313,10,31.3,7.19,26.1
MR Gillespie,10,35,3,255,10,25.5,7.28,21
RM Hira,13,42.2,1,337,10,33.7,7.96,25.4
JR Hopes,12,37,0,283,10,28.3,7.64,22.2
Junaid Siddiqui,13,45,1,266,10,26.6,5.91,27
BJ McCarthy,6,24,0,259,10,25.9,10.79,14.4
Mohammed Shami,8,27.4,0,275,10,27.5,9.93,16.6
JF Mooney,10,26,1,176,10,17.6,6.76,15.6
PP Ojha,6,21,0,132,10,13.2,6.28,12.6
LN Oluoch,10,29,1,209,10,20.9,7.2,17.4
H Osinde,11,35,0,250,10,25,7.14,21
S Prasanna,18,50,1,359,10,35.9,7.18,30
LN Rajbanshi,12,38.2,0,231,10,23.1,6.02,23
CAK Rajitha,10,37,0,358,10,35.8,9.67,22.2
SHA Rance,7,27,0,245,10,24.5,9.07,16.2
Raza Hasan,10,38,1,219,10,21.9,5.76,22.8
KAJ Roach,11,39,1,284,10,28.4,7.28,23.4
MD Shanaka,14,24.1,0,182,10,18.2,7.53,14.5
BA Stokes,18,55.4,1,496,10,49.6,8.91,33.4
R Vinay Kumar,9,31.3,0,247,10,24.7,7.84,18.9
HR Walsh,11,32.5,0,257,10,25.7,7.82,19.7
B Ward,13,39.2,2,249,10,24.9,6.33,23.6
FA Allen,10,31,1,214,9,23.77,6.9,20.6
Atif Mehmood,9,27,0,154,9,17.11,5.7,18
Bilal Zalmai,4,14,1,67,9,7.44,4.78,9.3
DE Bollinger,9,35,0,249,9,27.66,7.11,23.3
TM Dilshan,25,43,0,313,9,34.77,7.27,28.6
Elias Sunny,7,23,1,146,9,16.22,6.34,15.3
OD Hald,7,21.3,0,113,9,12.55,5.25,14.3
PD Hennessy,5,12,1,86,9,9.55,7.16,8
BW Hilfenhaus,7,26,0,161,9,17.88,6.19,17.3
DR Hooper,9,31.2,0,211,9,23.44,6.73,20.8
Ilyas Ahmed,6,21,0,160,9,17.77,7.61,14
TE Kane,5,15.2,0,143,9,15.88,9.32,10.2
RK Kleinveldt,6,20.2,1,173,9,19.22,8.5,13.5
ND Laegsgaard,7,23,0,105,9,11.66,4.56,15.3
KS Leverock,8,26,0,210,9,23.33,8.07,17.3
PK Matautaava,8,28,1,199,9,22.11,7.1,18.6
Md Nurul Huda,5,16.3,0,118,9,13.11,7.15,11
Mehran Khan,11,31,0,222,9,24.66,7.16,20.6
GRD Munasinghe,7,27,1,191,9,21.22,7.07,18
S Muniandy,12,30,0,260,9,28.88,8.66,20
B Muzarabani,6,24,0,220,9,24.44,9.16,16
A Neill,5,20,0,154,9,17.11,7.7,13.3
AR Patel,11,39,0,265,9,29.44,6.79,26
D Paterson,8,29.5,0,265,9,29.44,8.88,19.8
WA Peatfield,8,28,0,198,9,22,7.07,18.6
Qadeer Ahmed,10,32,1,253,9,28.11,7.9,21.3
JA Richardson,9,34,0,287,9,31.88,8.44,22.6
Rizwan Cheema,15,50,1,382,9,42.44,7.64,33.3
JRMVB Sanjaya,8,28.5,1,250,9,27.77,8.67,19.2
L Siaka,5,12,0,56,9,6.22,4.66,8
MP Stoinis,15,38.2,0,319,9,35.44,8.32,25.5
O Thomas,10,37,1,326,9,36.22,8.81,24.6
I Wardlaw,4,16,1,145,9,16.11,9.06,10.6
CG Williams,10,23,1,142,9,15.77,6.17,15.3
UT Yadav,7,25,0,219,9,24.33,8.76,16.6
Aizaz Cheema,5,17,0,116,8,14.5,6.82,12.7
M Ansari,10,37.5,0,334,8,41.75,8.82,28.3
OGL Bascome,6,15.1,0,117,8,14.62,7.71,11.3
U Bhatti,7,23,0,148,8,18.5,6.43,17.2
CJ Boyce,7,23,0,152,8,19,6.6,17.2
CD de Lange,7,27,0,171,8,21.37,6.33,20.2
DC Delany,8,28.3,0,222,8,27.75,7.78,21.3
Faran Afzal,8,29,0,143,8,17.87,4.93,21.7
Fawad Alam,6,15,0,95,8,11.87,6.33,11.2
H Fennell,5,12,1,57,8,7.12,4.75,9
SP Gauchan,8,30,0,169,8,21.12,5.63,22.5
SC Getkate,14,35,0,323,8,40.37,9.22,26.2
JOA Gordon,7,25.5,0,184,8,23,7.12,19.3
K Gore,4,16,2,70,8,8.75,4.37,12
H Gori,7,23,0,133,8,16.62,5.78,17.2
Z Groenewald,10,28,2,163,8,20.37,5.82,21
JR Hazlewood,7,28,0,269,8,33.62,9.6,21
L Hermida,5,18,1,94,8,11.75,5.22,13.5
InamulHaq,10,31,2,211,8,26.37,6.8,23.2
Junaid Khan,9,27,0,236,8,29.5,8.74,20.2
P Khadka,23,51,2,323,8,40.37,6.33,38.2
P Kumar,10,26,1,193,8,24.12,7.42,19.5
RAS Lakmal,11,34.4,0,330,8,41.25,9.51,26
AV Lalcheta,15,51.3,3,374,8,46.75,7.26,38.6
WK McCallan,7,21.5,0,152,8,19,6.96,16.3
Mohammad Ashraful,8,23,0,210,8,26.25,9.13,17.2
Mohamed Mahfooz,11,37.5,0,262,8,32.75,6.92,28.3
GBW Munaweera,5,18,0,132,8,16.5,7.33,13.5
AK Muslar,3,9,1,41,8,5.12,4.55,6.7
Nasrulla Rana,8,20.3,0,162,8,20.25,7.9,15.3
Nazmul Islam,12,38.3,2,265,8,33.12,6.88,28.8
AR Nurse,13,40,0,318,8,39.75,7.95,30
Rakibul Hasan,7,23,2,147,8,18.37,6.39,17.2
Rumman Raees,8,28.5,2,220,8,27.5,7.63,21.6
R Satheesan,4,13,2,44,8,5.5,3.38,9.7
I Sharma,14,46.2,0,400,8,50,8.63,34.7
TAM Siriwardana,13,23,0,206,8,25.75,8.95,17.2
A Symonds,12,30.5,0,277,8,34.62,8.98,23.1
P Taylor,6,18,0,144,8,18,8,13.5
SN Thakur,7,27.3,0,242,8,30.25,8.8,20.6
RJ Trott,13,38.3,0,277,8,34.62,7.19,28.8
R van der Merwe,5,13,2,62,8,7.75,4.76,9.7
JJ van der Wath,8,31,0,231,8,28.87,7.45,23.2
TC Vine,6,15,0,105,8,13.12,7,11.2
C Waiswa,4,14,0,115,8,14.37,8.21,10.5
Waqar Khan,4,13,0,86,8,10.75,6.61,9.7
AbdulShakoor Rahimzei,6,15.3,0,101,7,14.42,6.51,13.2
Bashir Shah,4,14,0,76,7,10.85,5.42,12
JP Behrendorff,6,16,0,117,7,16.71,7.31,13.7
D Bishoo,7,20.1,1,137,7,19.57,6.79,17.2
M de Lange,6,23.2,0,228,7,32.57,9.77,20
Delawar Khan,7,20,1,129,7,18.42,6.45,17.1
JL Denly,5,11,0,85,7,12.14,7.72,9.4
G Goudie,9,24.5,0,224,7,32,9.02,21.2
Habib Ahmadzai,5,14,1,96,7,13.71,6.85,12
AS Hansra,6,15,0,94,7,13.42,6.26,12.8
JW Hastings,9,31,0,247,7,35.28,7.96,26.5
MJ Henry,6,22,1,191,7,27.28,8.68,18.8
Hirenkumar Patel,4,15,0,82,7,11.71,5.46,12.8
GB Hogg,15,49,1,373,7,53.28,7.61,42
Ibrarul Haq,5,17,0,116,7,16.57,6.82,14.5
Imran Ali,4,15,0,136,7,19.42,9.06,12.8
Imran Haider,11,31,0,250,7,35.71,8.06,26.5
Jasdeep Singh,4,14,1,140,7,20,10,12
LM Jongwe,7,21.2,0,211,7,30.14,9.89,18.2
Junaid Siddique,8,26.2,1,179,7,25.57,6.79,22.5
S Randiv,7,21,0,139,7,19.85,6.61,18
NR Kumar,10,26,0,160,7,22.85,6.15,22.2
JB Little,11,40.4,0,367,7,52.42,9.02,34.8
MF Maharoof,8,27,0,199,7,28.42,7.37,23.1
NA Maiolo,7,28,0,152,7,21.71,5.42,24
CS Martin,6,23,1,193,7,27.57,8.39,19.7
ZE Matsinhe,5,16,0,101,7,14.42,6.31,13.7
Muslim Yar,7,19,1,119,7,17,6.26,16.2
CT Mutombodzi,9,26,0,188,7,26.85,7.23,22.2
A Nanda,3,7.2,0,47,7,6.71,6.4,6.2
Nasir Hossain,11,29.5,0,262,7,37.42,8.78,25.5
NaveenulHaq,4,15,0,102,7,14.57,6.8,12.8
R Panchal,9,28,1,139,7,19.85,4.96,24
SR Patel,15,42,0,321,7,45.85,7.64,36
A Rangaswamy,4,9.4,1,83,7,11.85,8.58,8.2
JB Reva,8,21.1,0,148,7,21.14,6.99,18.1
MJ Ross,7,19,0,120,7,17.14,6.31,16.2
Sayed Shirzad,4,15,1,116,7,16.57,7.73,12.8
B Shikongo,10,23,0,131,7,18.71,5.69,19.7
DR Smith,11,23.4,0,212,7,30.28,8.95,20.2
M Spry,4,10,0,62,7,8.85,6.2,8.5
S Sreesanth,9,34,2,288,7,41.14,8.47,29.1
JTS Sumerauer,8,20.1,0,155,7,22.14,7.68,17.2
T Thushara,6,22,0,179,7,25.57,8.13,18.8
JC Tredwell,15,52.5,0,416,7,59.42,7.87,45.2
BM Wheeler,6,21.2,0,216,7,30.85,10.12,18.2
CR Woakes,8,27,0,253,7,36.14,9.37,23.1
M Abdulla,3,12,0,76,6,12.66,6.33,12
Abdullah Akbarjan,4,13,0,72,6,12,5.53,13
IKO Aboagye,4,14,0,83,6,13.83,5.92,14
Abu Hider,12,36,0,330,6,55,9.16,36
VD Adewoye,7,16.2,1,135,6,22.5,8.26,16.3
CM Akachukwu,8,18.2,0,151,6,25.16,8.23,18.3
Aminul Islam,4,14,0,98,6,16.33,7,14
Amir Hayat,4,14,0,103,6,17.16,7.35,14
WD Balaji Rao,4,14,0,107,6,17.83,7.64,14
TL Best,6,20,0,154,6,25.66,7.7,20
JAR Blain,5,20,0,108,6,18,5.4,20
NM Carter,7,26,1,168,6,28,6.46,26
JW Chilia,13,47.2,0,315,6,52.5,6.65,47.3
MJ Clarke,15,26,0,225,6,37.5,8.65,26
MNR Cooray,4,16,0,99,6,16.5,6.18,16
SM Curran,5,18,0,153,6,25.5,8.5,18
F Damiao Couana,5,18.5,2,118,6,19.66,6.26,18.8
S Davizi,2,4.2,0,23,6,3.83,5.3,4.3
S Dhaniram,11,33.4,1,192,6,32,5.7,33.6
M Faheem,4,14,0,103,6,17.16,7.35,14
Farhad Reza,11,26,0,261,6,43.5,10.03,26
S Hirugade,5,13.3,0,92,6,15.33,6.81,13.5
Irfan Bhima,4,15,3,51,6,8.5,3.4,15
S Kaveri,5,13,0,70,6,11.66,5.38,13
MR Marsh,9,19,0,156,6,26,8.21,19
JL Martel,3,11,0,59,6,9.83,5.36,11
CAJ Meschede,5,20,0,115,6,19.16,5.75,20
M Mooketsi,7,25,0,197,6,32.83,7.88,25
A Morris,6,22,1,114,6,19,5.18,22
JM Muirhead,5,15,0,109,6,18.16,7.26,15
T Muzarabani,9,30,0,280,6,46.66,9.33,30
M Ntini,10,32,0,298,6,49.66,9.31,32
IE O'Brien,4,13,0,116,6,19.33,8.92,13
SNJ O'Keefe,7,19,0,149,6,24.83,7.84,19
IO Okpe,8,20.5,1,188,6,31.33,9.02,20.8
SA Okpe,7,12.2,0,94,6,15.66,7.62,12.3
BA Pai,4,15,0,82,6,13.66,5.46,15
KA Reynolds,3,11,0,60,6,10,5.45,11
Rokhan Barakzai,3,10,0,75,6,12.5,7.5,10
JE Root,9,14,0,139,6,23.16,9.92,14
Sabbir Rahman,8,11.1,0,70,6,11.66,6.26,11.1
Sagar Pun,8,23.3,0,131,6,21.83,5.57,23.5
NA Saini,5,17,1,137,6,22.83,8.05,17
E Schiferli,6,23,0,146,6,24.33,6.34,23
PH Shamdasani,4,12,1,70,6,11.66,5.83,12
MM Sharma,8,23,0,185,6,30.83,8.04,23
Shoaib Qureshi,5,13.4,0,109,6,18.16,7.97,13.6
Sidhant Singh,8,23,0,216,6,36,9.39,23
LMP Simmons,3,6,0,55,6,9.16,9.16,6
TB Sole,6,21,0,137,6,22.83,6.52,21
Soumya Sarkar,13,23.3,0,249,6,41.5,10.59,23.5
BB Sran,2,8,1,41,6,6.83,5.12,8
Tariq Aziz,4,16,0,70,6,11.66,4.37,16
WPUJC Vaas,6,22,1,128,6,21.33,5.81,22
JDF Vandersay,10,35,1,262,6,43.66,7.48,35
Waheed Ahmed,10,27,0,198,6,33,7.33,27
KS Williamson,12,19.4,0,164,6,27.33,8.33,19.6
Zeshan Arif,3,7.5,0,49,6,8.16,6.25,7.8
Abdul Wahid,5,17,0,117,5,23.4,6.88,20.4
CN Ackermann,10,25,0,147,5,29.4,5.88,30
Ameel Mauroof,10,23,0,173,5,34.6,7.52,27.6
Amjad Sher,5,18,2,88,5,17.6,4.88,21.6
R Ankad,8,23.4,1,178,5,35.6,7.52,28.4
Anshuman Rath,13,33,0,264,5,52.8,8,39.6
Arshad Hayat,5,10,0,103,5,20.6,10.3,12
Babar Ali,3,9,0,70,5,14,7.77,10.8
V Baskaran,12,36,2,245,5,49,6.8,43.2
S Bhari,6,18,0,113,5,22.6,6.27,21.6
Bilawal Bhatti,9,26,0,255,5,51,9.8,31.2
DR Briggs,6,18,0,199,5,39.8,11.05,21.6
KJ Coetzer,5,11,0,71,5,14.2,6.45,13.2
H Dandapani,5,15,0,90,5,18,6,18
LA Dawson,6,20,0,152,5,30.4,7.6,24
DM de Silva,7,15,0,100,5,20,6.66,18
AC Douglas,2,4.2,0,30,5,6,6.92,5.2
A Flintoff,7,25,0,161,5,32.2,6.44,30
R Frylinck,3,10,0,62,5,12.4,6.2,12
GC Galanis,2,4.2,0,32,5,6.4,7.38,5.2
WT Gavera,6,17,1,113,5,22.6,6.64,20.4
DAS Gunaratne,10,24.5,0,204,5,40.8,8.21,29.8
MD Gunathilaka,9,15.4,0,128,5,25.6,8.17,18.8
AM Guruge,5,16,0,125,5,25,7.81,19.2
J Hurley,3,10,0,33,5,6.6,3.3,12
Imran Anwar,4,16,0,134,5,26.8,8.37,19.2
MS Kasprowicz,2,7,0,57,5,11.4,8.14,8.4
VJ Kingma,4,14.4,0,142,5,28.4,9.68,17.6
SC Kuggeleijn,9,26.5,0,260,5,52,9.68,32.2
R Kumar,3,12,0,98,5,19.6,8.16,14.4
GD McGrath,2,8,0,79,5,15.8,9.87,9.6
MW Machan,7,22.3,0,156,5,31.2,6.93,27
P Mishra,3,9,0,37,5,7.4,4.11,10.8
DJ Mitchell,5,9.1,0,89,5,17.8,9.7,11
Mosaddek Hossain,12,21.4,0,160,5,32,7.38,26
Muhammad Nadeem,2,5,0,49,5,9.8,9.8,6
Muhammad Saleem,4,11,1,45,5,9,4.09,13.2
Muhammad Wafiq,4,16,1,114,5,22.8,7.12,19.2
DM Nakrani,4,12,0,93,5,18.6,7.75,14.4
W Nalisa,7,20,0,177,5,35.4,8.85,24
NavedulHasan,4,14.1,0,101,5,20.2,7.12,17
RJ Nicol,13,20.3,0,167,5,33.4,8.14,24.6
PJ Ongondo,8,26,1,177,5,35.4,6.8,31.2
MW Parkinson,2,6,0,61,5,12.2,10.16,7.2
MIA Patel,3,12,0,83,5,16.6,6.91,14.4
NK Patel,4,13,1,61,5,12.2,4.69,15.6
SS Pathirana,5,15.5,0,119,5,23.8,7.51,19
K Pierre,8,23,0,203,5,40.6,8.82,27.6
J Rasu,2,3.5,0,44,5,8.8,11.47,4.6
DMW Rawlins,11,37,0,285,5,57,7.7,44.4
Raza Iqbal,4,13,0,85,5,17,6.53,15.6
LH Rodrigues,4,13,1,61,5,12.2,4.69,15.6
HAM Shah,4,10,0,86,5,17.2,8.6,12
KD Shah,9,24,1,190,5,38,7.91,28.8
V Shankar,6,21,0,191,5,38.2,9.09,25.2
Sharafuddin Ashraf,8,25,1,201,5,40.2,8.04,30
Sohail Khan,5,15,0,123,5,24.6,8.2,18
ACF Stokes,7,23.2,0,152,5,30.4,6.51,28
Tauqeer Hussain,4,9.3,0,48,5,9.6,5.05,11.4
RML Taylor,9,25,1,196,5,39.2,7.84,30
RJW Topley,6,17.1,0,173,5,34.6,10.07,20.6
Usama Master,5,13.1,0,106,5,21.2,8.05,15.8
LV van Beek,7,17,0,160,5,32,9.41,20.4
W Viraliliu,9,20.2,0,164,5,32.8,8.06,24.4
S Waqas Ahmed,4,10,0,83,5,16.6,8.3,12
AA Westphal,5,19,0,65,5,13,3.42,22.8
BTJ Wheal,5,17.2,0,143,5,28.6,8.25,20.8
Yamin Ahmadzai,2,7.1,0,65,5,13,9.06,8.6
Yasar Haroon,4,13,1,72,5,14.4,5.53,15.6
Yasir Ali,5,9.5,0,52,5,10.4,5.28,11.8
Abul Hasan,5,14,0,148,4,37,10.57,21
Abu Jayed,3,11,0,106,4,26.5,9.63,16.5
Afif Hossain,5,10,1,79,4,19.75,7.9,15
SA Ahmad,3,9,1,40,4,10,4.44,13.5
D Ajekun,6,11.1,0,76,4,19,6.8,16.7
DI Allan,7,9.2,0,82,4,20.5,8.78,14
MA Aponso,3,10,0,79,4,19.75,7.9,15
Arslan Ahmed,3,9,1,40,4,10,4.44,13.5
Ashiqullah Said,3,11,0,82,4,20.5,7.45,16.5
A Aspiotis,3,11,0,71,4,17.75,6.45,16.5
Asrar Ahmed,3,10,2,46,4,11.5,4.6,15
NJ Astle,2,6.5,0,50,4,12.5,7.31,10.2
R Avery,4,11,0,66,4,16.5,6,16.5
JD Baker,4,13,0,107,4,26.75,8.23,19.5
HMCM Bandara,4,14,0,96,4,24,6.85,21
HH Banner,3,12,1,67,4,16.75,5.58,18
MD Bates,3,11,0,107,4,26.75,9.72,16.5
S Bau,10,14,0,79,4,19.75,5.64,21
TS Braat,3,10,0,70,4,17.5,7,15
GB Brent,3,11,0,93,4,23.25,8.45,16.5
J Bulele,5,14.2,0,107,4,26.75,7.46,21.5
DE Burgess,3,8.3,0,86,4,21.5,10.11,12.7
PP Chawla,7,23,1,151,4,37.75,6.56,34.5
MD Dai,9,25,0,157,4,39.25,6.28,37.5
I Danladi,3,9,0,52,4,13,5.77,13.5
K Dasan,2,8,0,52,4,13,6.5,12
JM Davison,5,18,0,91,4,22.75,5.05,27
RR Emrit,4,16,0,156,4,39,9.75,24
S Goustis,3,9,1,42,4,10.5,4.66,13.5
Jandu Hamoud,6,16,0,112,4,28,7,24
RJ Harris,3,11.4,1,95,4,23.75,8.14,17.5
MC Henriques,7,17,0,158,4,39.5,9.29,25.5
MG Hunter,4,11.3,0,63,4,15.75,5.47,17.2
Hussain Talat,6,6,0,54,4,13.5,9,9
AF Ifill,6,18.3,1,151,4,37.75,8.16,27.7
Imran Bulbulia,3,10,0,59,4,14.75,5.9,15
RK Inampud,3,12,0,68,4,17,5.66,18
DF Jacobs,2,5,0,26,4,6.5,5.2,7.5
Joginder Sharma,4,14.3,0,138,4,34.5,9.51,21.7
MO Jones,7,15,0,116,4,29,7.73,22.5
MBS Jonkman,3,8,0,47,4,11.75,5.87,12
S Kaul,3,9.4,0,84,4,21,8.68,14.5
S Kizilkaya,4,9,0,74,4,18.5,8.22,13.5
V Kohli,12,24.2,0,198,4,49.5,8.13,36.5
A Krishna,4,12,0,121,4,30.25,10.08,18
GA Lamb,5,12.1,0,80,4,20,6.57,18.2
A Lark,4,10.5,0,55,4,13.75,5.07,16.2
E Leie,2,6,0,48,4,12,8,9
J Lewis,2,7,0,55,4,13.75,7.85,10.5
ML Lewis,2,7.3,0,49,4,12.25,6.53,11.2
T Lungameni,6,16,1,88,4,22,5.5,24
CJ McKay,6,22.4,1,183,4,45.75,8.07,34
CS MacLeod,11,23,0,174,4,43.5,7.56,34.5
SW Masakadza,7,19.3,0,211,4,52.75,10.82,29.2
GE Mathurin,3,10,0,65,4,16.25,6.5,15
Mehidy Hasan Miraz,13,36,0,330,4,82.5,9.16,54
K Mendon,5,8.4,0,78,4,19.5,9,13
Mohammad Ahsan,6,20,0,192,4,48,9.6,30
Mohammad Kashif,3,7,0,55,4,13.75,7.85,10.5
PL Mommsen,7,23,0,164,4,41,7.13,34.5
JK Mukhiya,4,10,0,56,4,14,5.6,15
C Munro,12,19.4,0,186,4,46.5,9.45,29.5
N M'shangwe,5,16,0,142,4,35.5,8.87,24
Najjam Shahzad,4,12.2,0,65,4,16.25,5.27,18.5
Nawroz Mangal,6,10,0,80,4,20,8,15
Nazril Rahman,7,17,0,166,4,41.5,9.76,25.5
SN Netravalkar,8,22.4,0,161,4,40.25,7.1,34
JO Ngoche,7,24,0,140,4,35,5.83,36
Nizakat Khan,5,14,0,83,4,20.75,5.92,21
AA Noffke,2,7.3,1,41,4,10.25,5.46,11.2
GM Ntambalika,3,9,0,56,4,14,6.22,13.5
LN Onyango,5,13,0,128,4,32,9.84,19.5
MM Patel,3,10,0,86,4,21.5,8.6,15
RR Patel,7,15,0,104,4,26,6.93,22.5
VD Philander,6,13.5,0,114,4,28.5,8.24,20.7
S Pillai,3,8.4,0,56,4,14,6.46,13
EB Ringera,1,4,0,18,4,4.5,4.5,6
S Rossi,3,6.5,2,21,4,5.25,3.07,10.2
Sahir Naqash,5,9,0,52,4,13,5.77,13.5
O Sam Arthur,3,9,0,76,4,19,8.44,13.5
MM Sarwar,4,10.4,0,99,4,24.75,9.28,16
A Sathya,3,11.3,0,76,4,19,6.6,17.2
CP Schofield,4,12.5,0,92,4,23,7.16,19.2
L Shafeeg,3,11,0,76,4,19,6.9,16.5
Shahadat Hossain,6,20,0,198,4,49.5,9.9,30
NK Shetty,2,8,0,42,4,10.5,5.25,12
L Sipamla,5,15.4,0,131,4,32.75,8.36,23.5
Sohag Gazi,10,35,1,299,4,74.75,8.54,52.5
DC Stovell,6,17.2,0,126,4,31.5,7.26,26
AO Suji,6,16.1,1,116,4,29,7.17,24.2
Syed Aziz,8,24.5,0,187,4,46.75,7.53,37.2
Syed Rasel,8,29,2,202,4,50.5,6.96,43.5
A Uniyal,3,9,1,59,4,14.75,6.55,13.5
Usman Ali,5,19,0,130,4,32.5,6.84,28.5
TCW Veillard,4,16,0,93,4,23.25,5.81,24
BV Vitori,11,39.4,0,323,4,80.75,8.14,59.5
Waqas Barkat,10,21.2,0,152,4,38,7.12,32
SMK Waththage,5,12,3,66,4,16.5,5.5,18
K Weeraratne,5,15,0,126,4,31.5,8.4,22.5
CM Wright,2,5,0,49,4,12.25,9.8,7.5
SA Abbott,4,10,0,61,3,20.33,6.1,20
AS Abioye,4,10,0,87,3,29,8.7,20
AR Adams,4,12.5,0,105,3,35,8.18,25.6
AB Agarkar,3,10.3,1,85,3,28.33,8.09,21
A Ahmadhel,3,10,0,75,3,25,7.5,20
S Appu,4,9,0,74,3,24.66,8.22,18
MNM Aslam,5,14,0,85,3,28.33,6.07,28
TD Astle,3,8,0,69,3,23,8.62,16
V Ateak,3,11,0,94,3,31.33,8.54,22
MS Aulakh,3,9,0,82,3,27.33,9.11,18
G Bakiweyem,3,10,0,62,3,20.66,6.2,20
S Bantzas,1,3,0,12,3,4,4,6
F Behardien,3,5,0,27,3,9,5.4,10
P Bhart,4,12,1,68,3,22.66,5.66,24
PRP Boissevain,4,16,0,116,3,38.66,7.25,32
SM Boland,3,11,0,90,3,30,8.18,22
PR Brown,4,13,0,128,3,42.66,9.84,26
P Buccimazza,4,13,0,86,3,28.66,6.61,26
N Buckle,3,10,0,76,3,25.33,7.6,20
CG Burnett,1,4,0,18,3,6,4.5,8
HL Carlyon,3,6,0,42,3,14,7,12
MS Chapman,4,10,0,77,3,25.66,7.7,20
M Chauhan,2,8,1,38,3,12.66,4.75,16
TLW Cooper,9,17,0,132,3,44,7.76,34
M Cope,2,5,0,61,3,20.33,12.2,10
BCJ Cutting,7,21,0,215,3,71.66,10.23,42
TH David,9,22.2,0,202,3,67.33,9.04,44.6
NS Dhaliwal,5,8,0,43,3,14.33,5.37,16
SDJJ Dima,2,5,0,57,3,19,11.4,10
S Dube,6,12.3,0,114,3,38,9.12,25
RMS Eranga,3,11,0,90,3,30,8.18,22
L Evile,4,12,1,67,3,22.33,5.58,24
Farhan Ahmed,3,9,0,66,3,22,7.33,18
Fawad Ahmed,2,8,0,68,3,22.66,8.5,16
B Fernando,2,7.2,0,71,3,23.66,9.68,14.6
P Florin,2,1.4,0,10,3,3.33,6,3.3
BC Fortuin,2,7,0,51,3,17,7.28,14
ST Gabriel,2,7,0,56,3,18.66,8,14
CJ Gannon,3,9,0,67,3,22.33,7.44,18
D Gough,2,6.5,0,49,3,16.33,7.17,13.6
TGJ Gruijters,5,12,0,74,3,24.66,6.16,24
HF Gurney,2,8,0,55,3,18.33,6.87,16
AJ Hall,2,8,0,60,3,20,7.5,16
SM Harwood,3,12,0,113,3,37.66,9.41,24
Hayatullah Niazi,4,10,0,81,3,27,8.1,20
J Hill,2,6,0,50,3,16.66,8.33,12
J Hirschi,4,11,0,96,3,32,8.72,22
Z Hoque,3,12,0,51,3,17,4.25,24
JJ Huo,3,10,0,56,3,18.66,5.6,20
Ijaz Hussain,3,9.5,0,89,3,29.66,9.05,19.6
D Jakiel,2,7,0,44,3,14.66,6.28,14
GSNFG Jayasuriya,10,21.5,0,202,3,67.33,9.25,43.6
Kaleemullah,6,19,1,132,3,44,6.94,38
Kaleem Shah,6,17,0,130,3,43.33,7.64,34
E Katchay,4,10,0,71,3,23.66,7.1,20
SKW Kelly,3,7,0,50,3,16.66,7.14,14
P Kerai,5,11,0,82,3,27.33,7.45,22
J Kila,9,17,0,99,3,33,5.82,34
AC Kose,2,8,0,116,3,38.66,14.5,16
DS Kulkarni,2,8,0,55,3,18.33,6.87,16
CBRLS Kumara,3,12,0,97,3,32.33,8.08,24
UKPW Kumaranayaka,3,12,0,102,3,34,8.5,24
NCK Liyanage,5,14,0,100,3,33.33,7.14,28
DL Maddy,2,3,0,26,3,8.66,8.66,6
S Mahmood,3,10,0,115,3,38.33,11.5,20
SI Mahmood,4,14,0,155,3,51.66,11.07,28
MSS Mandy,3,8,0,43,3,14.33,5.37,16
Mansoor Amjad,1,1,0,3,3,1,3,2
TS Mills,5,19,1,129,3,43,6.78,38
T Mishra,2,5,0,33,3,11,6.6,10
K Modise,2,5,0,41,3,13.66,8.2,10
Mohammad Ghazanfar,5,14,0,85,3,28.33,6.07,28
Mohammad Hasnain,4,16,0,137,3,45.66,8.56,32
Mohammed Siraj,3,12,0,148,3,49.33,12.33,24
Musa Shaheen,1,2.2,0,11,3,3.66,4.71,4.6
Naeem Islam,6,15,0,122,3,40.66,8.13,30
A Nathwani,4,10,0,79,3,26.33,7.9,20
MP O'Dowd,9,12.4,0,119,3,39.66,9.39,25.3
HC Overdijk,3,8,0,72,3,24,9,16
SD Parry,5,16,0,138,3,46,8.62,32
JL Pattinson,4,13,0,104,3,34.66,8,26
MDK Perera,3,10,0,72,3,24,7.2,20
J Perman,2,8,0,41,3,13.66,5.12,16
R Pisal,1,3,0,4,3,1.33,1.33,6
D Pretorius,6,14,0,116,3,38.66,8.28,28
P Raho,2,3,0,20,3,6.66,6.66,6
Raja Adeel,3,11,0,36,3,12,3.27,22
RJ Ranpura,2,6,0,32,3,10.66,5.33,12
KB Ratilal,3,12,0,61,3,20.33,5.08,24
WJR Robertson,6,18.1,1,101,3,33.66,5.55,36.3
M Sert,4,10,0,93,3,31,9.3,20
A Shahzad,3,11,0,97,3,32.33,8.81,22
R Sharma,2,7.2,0,56,3,18.66,7.63,14.6
Shiraz Khan,6,20,0,140,3,46.66,7,40
Shoaib Ali,5,15.3,0,129,3,43,8.32,31
DJM Short,9,19,0,151,3,50.33,7.94,38
PM Siddle,2,8,0,58,3,19.33,7.25,16
Sikander Zulfiqar,7,10,0,79,3,26.33,7.9,20
KM Silva,2,3,0,18,3,6,6,6
M SimpsonParker,3,5,0,40,3,13.33,8,10
S Singh,4,11,0,110,3,36.66,10,22
DC Smith,4,11,0,89,3,29.66,8.09,22
A Srivastav,3,8,0,73,3,24.33,9.12,16
H Ssenyondo,3,10,0,48,3,16,4.8,20
JH Stander,7,13.3,0,156,3,52,11.55,27
Suhail Sadiq,2,6,0,45,3,15,7.5,12
Syazrul Idrus,2,7,0,64,3,21.33,9.14,14
Tahir Dar,4,14,0,128,3,42.66,9.14,28
Tanveer Ahmed,5,13.3,0,116,3,38.66,8.59,27
SR Taylor,5,13,1,70,3,23.33,5.38,26
AC Thomas,1,4,0,25,3,8.33,6.25,8
SF Tiai,4,11,0,82,3,27.33,7.45,22
BM Tickner,3,12,0,109,3,36.33,9.08,24
DR Tuffey,3,10,0,93,3,31,9.3,20
AJ Turner,3,6,0,42,3,14,7,12
MB van Schelven,2,7,0,30,3,10,4.28,14
Vichanath Singh,4,16,1,90,3,30,5.62,32
Virandeep Singh,8,17.2,0,135,3,45,7.78,34.6
RR Watson,5,10,0,92,3,30.66,9.2,20
RM West,5,19,0,142,3,47.33,7.47,38
SG Whittingham,3,10,0,79,3,26.33,7.9,20
S Wickramasekara,5,15.3,1,93,3,31,6,31
Younis Khan,1,3.4,0,18,3,6,4.9,7.3
Zahid Hussain,3,9.3,0,47,3,15.66,4.94,19
Zaki Ul Hassan,3,9,0,56,3,18.66,6.22,18
C Zavoiu,1,1,0,4,3,1.33,4,2
Ziaur Rahman,7,12.3,0,127,3,42.33,10.16,25
Zulqarnain Haider,5,13,0,60,3,20,4.61,26
Aamer Yamin,2,6,0,37,2,18.5,6.16,18
Aaron Jones,3,7,0,28,2,14,4,21
YA Abdulla,2,7,0,44,2,22,6.28,21
AG Achar,3,6,0,44,2,22,7.33,18
Ahmed Hassan,5,7.3,0,81,2,40.5,10.8,22.5
Ali Naqi,4,10,0,65,2,32.5,6.5,30
Alok Kapali,2,5,0,35,2,17.5,7,15
Anique Uddin,2,2.3,0,14,2,7,5.6,7.5
DNA Ankrah,4,12,1,85,2,42.5,7.08,36
Apon Mustafizur,1,3,0,30,2,15,10,9
Aqib Ilyas,4,9,0,59,2,29.5,6.55,27
S Arachchige,4,6,0,42,2,21,7,18
JC Archer,1,4,0,29,2,14.5,7.25,12
Ashfaq Ahmed,2,6,0,34,2,17,5.66,18
Atif Kamal,4,14,0,90,2,45,6.42,42
Aziz Mohammad,3,12,0,84,2,42,7,36
MO Bacarese,3,12,0,51,2,25.5,4.25,36
LS Baker,3,8,0,58,2,29,7.25,24
JT Ball,2,7,0,83,2,41.5,11.85,21
GG Banner,1,3.3,0,10,2,5,2.85,10.5
W Barresi,3,5.4,0,49,2,24.5,8.64,17
RJ Campbell,3,10,0,68,2,34,6.8,30
P Chandran,2,4,0,45,2,22.5,11.25,12
FA Cossa,5,14,0,110,2,55,7.85,42
KM Dabengwa,7,11,0,106,2,53,9.63,33
DK Dahyabhai Ahir,2,3,0,27,2,13.5,9,9
JWM Dalrymple,3,5,0,39,2,19.5,7.8,15
Dawlat Ahmadzai,2,4,0,46,2,23,11.5,12
AS Dean,2,4,0,32,2,16,8,12
AP Devcich,4,12,0,80,2,40,6.66,36
LHD Dilhara,2,5,0,30,2,15,6,15
N Dipakkumar Patel,3,10,0,42,2,21,4.2,30
K Dorji,2,7,0,69,2,34.5,9.85,21
Ehsan Nawaz,5,7.4,0,79,2,39.5,10.3,23
AM Ellis,4,10,0,105,2,52.5,10.5,30
Fakhrul Mohon,4,14,2,85,2,42.5,6.07,42
V Ganesan,4,9,1,44,2,22,4.88,27
B Geeves,1,3.2,0,35,2,17.5,10.5,10
D Gim,4,6,0,65,2,32.5,10.83,18
Hafez Farooq,1,2,0,14,2,7,7,6
LHB HarringtonMyers,2,4,0,26,2,13,6.5,12
NM Hauritz,2,7.2,0,47,2,23.5,6.4,22
PA Hitchcock,1,3,0,43,2,21.5,14.33,9
Imran Ashraf,3,9,0,78,2,39,8.66,27
Imran Khan,3,12,0,106,2,53,8.83,36
MM Iqbal,3,8,0,59,2,29.5,7.37,24
J Jojo,5,17,0,98,2,49,5.76,51
Jubair Hossain,1,2,0,20,2,10,10,6
Junaid Sheikh,5,16,1,104,2,52,6.5,48
Kamran Shazad,3,8.4,0,77,2,38.5,8.88,26
D Kegasitswe,3,12,0,156,2,78,13,36
A Khan,1,4,0,34,2,17,8.5,12
AK Kitchen,3,6,0,46,2,23,7.66,18
Kuldeep Lal,4,9,0,100,2,50,11.11,27
B Laughlin,3,11.5,0,118,2,59,9.97,35.5
KS Lokuarachchi,2,6,0,48,2,24,8,18
J Louw,2,7,0,54,2,27,7.71,21
Lucky Ali,2,7,1,40,2,20,5.71,21
AJ McKay,2,5.4,0,31,2,15.5,5.47,17
DSK Madushanka,2,5.1,0,62,2,31,12,15.5
R Mahajan,3,10,0,93,2,46.5,9.3,30
GI Maiden,3,10,0,58,2,29,5.8,30
GT Main,2,4,0,34,2,17,8.5,12
P Manning,4,8,0,53,2,26.5,6.62,24
B Masaba,1,4,0,14,2,7,3.5,12
H Masakadza,9,12,0,113,2,56.5,9.41,36
MJ Mason,3,9,0,65,2,32.5,7.22,27
B Mavuta,3,12,0,81,2,40.5,6.75,36
Z McLaughlin,3,7.1,0,54,2,27,7.53,21.5
SC Meaker,2,7.5,0,70,2,35,8.93,23.5
Mohameed Taiwo,2,8,0,41,2,20.5,5.12,24
Mohammad Adnan,5,17,0,120,2,60,7.05,51
Mohsin Hub,3,9,0,39,2,19.5,4.33,27
Muhammad Rafique,2,5,0,63,2,31.5,12.6,15
S Murari,3,10,0,52,2,26,5.2,30
LA Musiani,4,15,1,69,2,34.5,4.6,45
M Nasim Baras,3,8,0,56,2,28,7,24
A Nel,2,8,0,42,2,21,5.25,24
R Ngarava,1,4,0,48,2,24,12,12
F Nsubuga,3,8,0,46,2,23,5.75,24
L Nussbaumer,1,4,0,44,2,22,11,12
E Packard,4,11,0,79,2,39.5,7.18,33
MS Panesar,1,4,0,40,2,20,10,12
NMS Param,3,8,0,55,2,27.5,6.87,24
HH Patel,5,13,0,104,2,52,8,39
H Patel,5,9.5,0,83,2,41.5,8.44,29.5
N Pathan,4,6,0,60,2,30,10,18
DBL Powell,5,17,0,131,2,65.5,7.7,51
R Powell,4,8,0,74,2,37,9.25,24
A Pusthay,4,10,0,90,2,45,9,30
S Rakshit,5,12.5,0,99,2,49.5,7.71,38.5
S Ravikumar,3,6.2,0,56,2,28,8.84,19
RazaurRehman,3,9,0,58,2,29,6.44,27
AJ Redmond,1,2.5,0,24,2,12,8.47,8.5
GA Rogers,2,7.5,0,67,2,33.5,8.55,23.5
IH Romaine,2,3.4,0,21,2,10.5,5.72,11
SI Runsewe,2,2.3,0,23,2,11.5,9.2,7.5
JD Ryder,5,10,0,68,2,34,6.8,30
Sadeeq Khan,3,12,0,63,2,31.5,5.25,36
TK Saha,4,10,0,88,2,44,8.8,30
Sajid Liaqat,2,8,0,72,2,36,9,24
Sandeep Goud,2,6,0,48,2,24,8,18
Saqib Zulfiqar,4,9,0,61,2,30.5,6.77,27
Saqlain Ali,2,7,0,36,2,18,5.14,21
Sarfaraz Ali,3,8,0,60,2,30,7.5,24
P Sarraf,6,11,1,58,2,29,5.27,33
RR Sarwan,1,2,0,10,2,5,5,6
Shaffeq Muhammad,2,7,1,21,2,10.5,3,21
Sharif Asadullah,1,3,0,21,2,10.5,7,9
Shuvagata Hom,4,11,0,71,2,35.5,6.45,33
EHSN Silva,2,7,0,58,2,29,8.28,21
LA Simango,3,6.1,0,55,2,27.5,8.91,18.5
OF Smith,2,7,0,78,2,39,11.14,21
CB Sole,4,16,0,141,2,70.5,8.81,48
AL Stephen,2,7,0,29,2,14.5,4.14,21
MJ Swepson,1,4,0,37,2,18.5,9.25,12
T Taylor,4,9,0,74,2,37,8.22,27
R Telemachus,3,12,0,90,2,45,7.5,36
S Thuraisingam,3,7.5,0,44,2,22,5.61,23.5
CT Tremlett,1,4,0,45,2,22.5,11.25,12
T Turan,3,8.1,0,111,2,55.5,13.59,24.5
S Vashisht,3,9,1,31,2,15.5,3.44,27
AC Voges,1,2,0,5,2,2.5,2.5,6
Waqas Maqsood,1,1.5,0,21,2,10.5,11.45,5.5
SR Welsh,1,3,0,6,2,3,2,9
AR White,1,4,0,18,2,9,4.5,12
G Wijekoon,3,11,0,101,2,50.5,9.18,33
C Wright,4,7,0,53,2,26.5,7.57,21
HN Ya France,6,13,0,82,2,41,6.3,39
Zain ul Tashnam,2,8,1,35,2,17.5,4.37,24
S Zargar,1,3,0,22,2,11,7.33,9
Ziaur Rahman,1,4,0,42,2,21,10.5,12
Adnan Idrees,3,7,0,67,1,67,9.57,42
N Advani,1,3,0,12,1,12,4,18
Aftab Ahmed,1,1,0,10,1,10,10,6
GW Aldridge,1,4,0,45,1,45,11.25,24
J Allen,2,2,0,19,1,19,9.5,12
TP Allen,2,3,0,28,1,28,9.33,18
Amir Ali,5,9,0,67,1,67,7.44,54
Amir Mangal,5,6.4,0,57,1,57,8.55,40
S Aravind,1,3.4,0,44,1,44,12,22
Ariful Haque,1,1,0,13,1,13,13,6
B Arora,4,11.1,0,75,1,75,6.71,67
Asad Mohammad,8,24,0,158,1,158,6.58,144
Asghar Afghan,1,0.4,0,4,1,4,6,4
AA Banner,2,8,0,39,1,39,4.87,48
CD Barnwell,4,6,0,51,1,51,8.5,36
A Bhattarai,1,3,0,12,1,12,4,18
SR Bhudia,4,9,0,63,1,63,7,54
STR Binny,3,5,0,54,1,54,10.8,30
CC Blake,3,8,0,49,1,49,6.12,48
N Boje,1,4,0,27,1,27,6.75,24
SG Borthwick,1,4,0,15,1,15,3.75,24
DL Brangman,5,7,0,84,1,84,12,42
CL Cairns,2,8,0,52,1,52,6.5,48
A Carthew,1,2,0,19,1,19,9.5,12
RD Chahar,1,3,0,27,1,27,9,18
Charanjeet Singh,2,5,0,35,1,35,7,30
MS Crane,2,8,0,62,1,62,7.75,48
H Dajc,1,4,0,36,1,36,9,24
H Davids,2,2,0,13,1,13,6.5,12
PA Desai,1,3,0,30,1,30,10,18
R Dhawan,1,4,0,42,1,42,10.5,24
M Dixit,3,9,0,93,1,93,10.33,54
KR Ebanks,5,11,0,104,1,104,9.45,66
Faisal Khan,1,2,0,21,1,21,10.5,12
Fayyaz Ahmed,1,3,0,29,1,29,9.66,18
Fiaz Ahmad,3,5,0,56,1,56,11.2,30
KK Flowers,1,2,0,16,1,16,8,12
C Floyd,2,5,0,51,1,51,10.2,30
C Fry,3,7,1,62,1,62,8.85,42
MD Garratt,1,2.5,0,12,1,12,4.23,17
JN Gillespie,1,4,0,49,1,49,12.25,24
NA Greenwood,2,2,0,14,1,14,7,12
L Gregory,2,4,0,29,1,29,7.25,24
Hardev Singh,1,1,0,12,1,12,12,6
SJ Harmison,2,6.3,0,42,1,42,6.46,39
Haroon Arshad,8,13.5,0,108,1,108,7.8,83
Haroon Mughal,2,3,0,31,1,31,10.33,18
TM Head,3,4,0,39,1,39,9.75,24
R Hekure,6,4.5,0,37,1,37,7.65,29
BJ Hodge,3,5,0,43,1,43,8.6,30
S Hongsi,2,3,0,35,1,35,11.66,18
A Husain,4,10,0,51,1,51,5.1,60
GM Hyde,2,5,0,43,1,43,8.6,30
Ibrahim Rizan,4,8.1,0,63,1,63,7.71,49
Iftikhar Anjum,2,8,0,67,1,67,8.37,48
AJ Ireland,1,3,0,33,1,33,11,18
Irfan Mir,4,15,0,73,1,73,4.86,90
E Isaneez,3,9.2,0,53,1,53,5.67,56
Ismat Ullah,2,4,0,16,1,16,4,24
Jaspreet Singh,2,5,0,53,1,53,10.6,30
D Kansonkho,3,7.3,0,60,1,60,8,45
A Karn,2,8,0,49,1,49,6.12,48
N Khanna,2,4,0,47,1,47,11.75,24
B Khumalo,3,11,0,96,1,96,8.72,66
Khurram Chohan,4,12.1,0,106,1,106,8.71,73
Khurram Khan,1,1,0,8,1,8,8,6
JH Kiani,1,4,0,26,1,26,6.5,24
H Lakov,3,12,1,72,1,72,6,72
CA Liyanage,2,5,0,47,1,47,9.4,30
J Long,1,2,0,26,1,26,13,12
NM Lyon,2,5,0,48,1,48,9.6,30
RT Lyons,2,6,0,40,1,40,6.66,36
OC McCoy,1,3,0,44,1,44,14.66,18
Mahmad Data,2,5,0,31,1,31,6.2,30
A Makesh,4,9,1,79,1,79,8.77,54
DJ Malan,1,2,0,27,1,27,13.5,12
WJ Malinda,1,4,0,27,1,27,6.75,24
OM Marshall,2,3,0,22,1,22,7.33,18
A Martin,1,3,0,20,1,20,6.66,18
T Maruma,2,3,0,20,1,20,6.66,18
WT Mashinge,2,5,0,57,1,57,11.4,30
N Master,1,4,0,30,1,30,7.5,24
Md Shafiqul Haque,1,3,0,25,1,25,8.33,18
DP Michael,1,3,0,32,1,32,10.66,18
SF Mire,5,12,0,115,1,115,9.58,72
Mohammad Boota,1,1,0,13,1,13,13,6
Mohammad Rafique,1,4,0,22,1,22,5.5,24
Mohammad Shahid,1,3,0,32,1,32,10.66,18
MR Montfort,1,3,0,25,1,25,8.33,18
J Mubarak,2,1.2,0,17,1,17,12.75,8
Muhammad Tanveer,3,8,0,63,1,63,7.87,48
D Muhumuza,3,5,0,35,1,35,7,30
EMDY Munaweera,5,10,0,92,1,92,9.2,60
T Mupariwa,4,13,0,94,1,94,7.23,78
Murid Ekrami,3,5,0,37,1,37,7.4,30
Najeeb Amar,1,3,0,29,1,29,9.66,18
NH Naureen,1,3,1,32,1,32,10.66,18
Naveed Ahmed,5,9,0,56,1,56,6.22,54
Nazakat Ali,2,3,0,16,1,16,5.33,18
Nazmul Hossain,4,7,0,67,1,67,9.57,42
A Ndlovu,3,11,0,90,1,90,8.18,66
R Neale,1,3,0,30,1,30,10,18
P Negi,1,3,0,16,1,16,5.33,18
D Nikolov,2,4,0,36,1,36,9,24
K Nima,1,3,0,22,1,22,7.33,18
Noman Kamawi,1,3,0,28,1,28,9.33,18
L Nou,3,10,0,65,1,65,6.5,60
E Ochieng,2,4,0,30,1,30,7.5,24
JL Ontong,4,6,0,83,1,83,13.83,36
AM Oyede,3,8,0,44,1,44,5.5,48
RJG Palmer,2,4,0,27,1,27,6.75,24
MA Parker,2,6,0,61,1,61,10.16,36
Parvez Rasool,1,4,0,32,1,32,8,24
AY Patel,2,6,0,45,1,45,7.5,36
KP Pietersen,3,5,0,53,1,53,10.6,30
JE Pitcher,3,7,0,50,1,50,7.14,42
S Pokhriyal,1,2,0,22,1,22,11,12
M Pushpakumara,1,3,0,27,1,27,9,18
Qasim Zia,3,9,0,68,1,68,7.55,54
Raag Kapur,3,7,0,49,1,49,7,42
RLB Rambukwella,2,6.3,0,46,1,46,7.07,39
Ravinder Singh,2,6,0,72,1,72,12,36
J Reb,1,3,0,40,1,40,13.33,18
GA Reynold,3,8,1,49,1,49,6.12,48
Riazat Ali Shah,3,7.4,0,58,1,58,7.56,46
R Rivas,1,4,0,45,1,45,11.25,24
Saber Zakhil,3,9,0,69,1,69,7.66,54
S Saeed,5,11,0,95,1,95,8.63,66
AM Samad,1,2,0,36,1,36,18,12
Sandeep Sharma,2,7,0,73,1,73,10.42,42
I Sawmy,1,3,0,12,1,12,4,18
Shahzad Muhammad,1,3,0,29,1,29,9.66,18
Shaikh Ashraf,2,4,0,34,1,34,8.5,24
KV Sharma,1,4,0,28,1,28,7,24
RG Sharma,9,11.2,0,113,1,113,9.97,68
ZK Shem,3,6,0,72,1,72,12,36
LPC Silva,2,3,0,15,1,15,5,18
BA Simango,1,3,0,21,1,21,7,18
T Singye,2,6,0,65,1,65,10.83,36
J Singye,2,8,0,69,1,69,8.62,48
JT Smuts,6,12.4,0,101,1,101,7.97,76
Sufyan Mehmood,3,5.3,0,39,1,39,7.09,33
Suhrid Roy,1,4,0,44,1,44,11,24
CR Suryawanshi,1,2,0,13,1,13,6.5,12
Tafseer Ali,3,4,0,37,1,37,9.25,24
Taijul Islam,2,7,0,58,1,58,8.28,42
Tanvir Ahmed,1,3,0,13,1,13,4.33,18
BRM Taylor,2,5,0,17,1,17,3.4,30
SR Tendulkar,1,2.3,0,12,1,12,4.8,15
EP Thompson,1,3,1,18,1,18,6,18
GC Tonge,1,4,0,25,1,25,6.25,24
JJ Tucker,4,7,0,62,1,62,8.85,42
Umair Ali,2,4,0,28,1,28,7,24
DLS van Bunge,2,2.2,0,15,1,15,6.42,14
C Vorster,1,3,0,32,1,32,10.66,18
Walid Ghauri,2,3.5,0,31,1,31,8.08,23
Washeem Abbas,2,8,0,70,1,70,8.75,48
UWMBCA Welegedara,2,6,0,61,1,61,10.16,36
CL White,5,7,0,51,1,51,7.28,42
T Whiteman,2,3.4,0,38,1,38,10.36,22
JD Wildermuth,2,3,0,32,1,32,10.66,18
LJ Woodcock,3,10,0,70,1,70,7,60
GH Worker,1,2,0,19,1,19,9.5,12
Yusuf Ebrahim,3,7,1,44,1,44,6.28,42
Zaheer Maqsood,3,9,0,80,1,80,8.88,54
Zamir Khan,1,4,0,26,1,26,6.5,24
Zawar Farid,2,4.1,0,35,1,35,8.4,25
C Zhuwao,1,0.2,0,1,1,1,3,2
Zohaib Sarwar,4,7,0,51,1,51,7.28,42
M Zondeki,1,3,0,41,1,41,13.66,18
Abdullah Mahmood,1,1,0,9,0,,9,
Abdullah Sheikh,1,1,0,13,0,,13,
Abdur Rauf,1,3,0,21,0,,7,
M Aboagye,1,1,0,17,0,,17,
RA Abolarin,1,0.4,0,7,0,,10.5,
S Adedeji,1,2,0,21,0,,10.5,
Aftab Ahmed,1,0.2,0,8,0,,24,
GJ Agius,2,5,0,53,0,,10.6,
Ahmed Shehzad,1,1,0,10,0,,10,
DS Airee,1,2,0,23,0,,11.5,
Ameer Saiyed,3,4,0,44,0,,11,
Ammad Uddin,1,0.1,0,1,0,,6,
Anasim Khan,4,14,0,119,0,,8.5,
J Anderson,1,1,0,13,0,,13,
DK Anefie,4,12,0,72,0,,6,
Anowarul Islam,2,3,0,25,0,,8.33,
Ansar Iqbal,1,2,0,13,0,,6.5,
Aqib Iqbal,4,13,0,84,0,,6.46,
Arsalan Qadir,1,1,0,12,0,,12,
U Aryaman Sunil,2,3,0,28,0,,9.33,
Asad Ali,2,4,0,33,0,,8.25,
A Ashokan,1,2,0,16,0,,8,
Atif Ali Khan,1,4,0,43,0,,10.75,
Avi Dixit,1,1,0,15,0,,15,
P Awana,2,6,0,71,0,,11.83,
KS Bagabena,4,4.5,0,56,0,,11.58,
KMC Bandara,1,1,0,11,0,,11,
GEF Barnett,1,1,0,11,0,,11,
GJ Batty,1,3,0,17,0,,5.66,
DE Bernard,1,4,0,17,0,,4.25,
P Bharat Patel,2,5,0,40,0,,8,
Meet Bhavsar,1,1,0,11,0,,11,
RL Bhudia,3,7.2,0,78,0,,10.63,
KK Bishnoi,2,3,0,27,0,,9,
NE Bonner,1,2,0,18,0,,9,
IDR Bradshaw,1,4,0,22,0,,5.5,
DR Brown,1,4,0,44,0,,11,
DK Butler,1,3,0,22,0,,7.33,
J Butler,1,1,0,15,0,,15,
JD Campbell,1,1,0,1,0,,1,
J Cutinho,1,0.5,0,7,0,,8.4,
DAP Darrell,1,2,0,14,0,,7,
BFW de Leede,2,2,0,27,0,,13.5,
N Deonarine,4,9,0,87,0,,9.66,
PC de Silva,2,2,0,30,0,,15,
ST de Silva,1,1,0,10,0,,10,
BJ Diamanti,1,2,0,19,0,,9.5,
A Djorovic,2,6,1,32,0,,5.33,
B Dugic,2,2.3,0,22,0,,8.8,
F du Plessis,2,1.2,0,3,0,,2.25,
AB Dursak,3,8.4,0,134,0,,15.46,
PS Eaglestone,1,2,0,16,0,,8,
Fahad Tariq,2,3,0,26,0,,8.66,
Fakhar Zaman,1,1,0,12,0,,12,
Fazal Niazai,1,1,0,13,0,,13,
MVT Fernando,1,2,0,16,0,,8,
AJ Finch,2,2,0,27,0,,13.5,
JA Fitzgerald,1,2,0,22,0,,11,
DR Flynn,1,1,0,7,0,,7,
GF Gomes,1,2,0,16,0,,8,
MJ Guptill,1,1,0,11,0,,11,
Hamza Dar,1,2,0,22,0,,11,
Hasheem Shahzad,1,4,0,32,0,,8,
RJ Hatchman,1,4,0,33,0,,8.25,
T Henderson,1,4,0,31,0,,7.75,
H Hiri,1,1,0,5,0,,5,
KC Hodsoll,1,1,0,8,0,,8,
MEK Hussey,1,1,0,5,0,,5,
EH Hutchinson,1,3,0,20,0,,6.66,
Ibrahim Khan,1,2,0,17,0,,8.5,
Ibrahim Nashath,2,4,0,48,0,,12,
Iftikhar Ahmed,1,1,0,7,0,,7,
Imran Khan,1,2,0,13,0,,6.5,
B Ivanov,1,2,0,36,0,,18,
Jagjit Singh,1,1,0,10,0,,10,
NA Janes,1,1,0,12,0,,12,
T Jamtsho,2,4.1,0,48,0,,11.52,
Jatinder Singh,1,2,0,17,0,,8.5,
Javed Maroofkhail,1,2,0,22,0,,11,
DPMD Jayawardene,1,1,0,8,0,,8,
P Jayeshbhai Patel,1,2,0,21,0,,10.5,
Jay Odedra,3,7,0,74,0,,10.57,
NG Jones,2,2,0,14,0,,7,
Kamran Khan,2,4.1,0,48,0,,11.52,
TP Kamungozi,1,2,0,17,0,,8.5,
G Kansonkho,1,1,0,15,0,,15,
S Kansoy,1,1,0,14,0,,14,
M Kartik,1,4,0,27,0,,6.75,
Karweng NG,3,9,0,81,0,,9,
JM Kemp,1,1,0,5,0,,5,
GE Kidd,1,3,0,32,0,,10.66,
RJ Kirtley,1,1,0,17,0,,17,
GJP Kruger,1,4,0,29,0,,7.25,
JS Kundi,2,2,0,15,0,,7.5,
Kushal Malla,2,4,0,38,0,,9.5,
A Lagos,1,2,0,13,0,,6.5,
RDM Leverock,2,5,0,27,0,,5.4,
RN Lewis,1,1,0,9,0,,9,
I Lisboa,1,2,0,17,0,,8.5,
AM McCarthy,1,2,0,12,0,,6,
LD Madushanka,1,4,0,36,0,,9,
Mahedi Hasan,1,2,0,25,0,,12.5,
C Mahoney,1,1,0,10,0,,10,
BF Mailata,2,2,0,24,0,,12,
D Manani,2,4,0,27,0,,6.75,
M Markande,1,4,0,31,0,,7.75,
D Marks,2,7,0,54,0,,7.71,
S Matsikenyeri,3,2.4,0,23,0,,8.62,
GJ McCarter,2,5,0,50,0,,10,
A Mehmood,1,1,0,12,0,,12,
Mehrab Hossain jnr,1,2.5,0,20,0,,7.05,
D Mejia,2,4,0,23,0,,5.75,
PHKD Mendis,3,5,0,48,0,,9.6,
KO Meth,2,7,0,64,0,,9.14,
AJ Michael,1,2,0,18,0,,9,
Mihusan Hamid,1,3,0,29,0,,9.66,
Mohamed Arief,2,2,0,19,0,,9.5,
Mohammad Tauqir,3,7,1,55,0,,7.85,
JN Mohammed,2,2,0,13,0,,6.5,
Mohammed Asghar,2,4,0,28,0,,7,
Mohammed Qasim,1,1,0,8,0,,8,
HJC Mol,1,1.3,0,12,0,,8,
Mominul Haque,2,3,0,32,0,,10.66,
JWN Moses,2,8,0,46,0,,5.75,
Muhammad Asjed,1,1,0,9,0,,9,
Muhammad Musa,1,3.5,0,39,0,,10.17,
Muhammad Naeem,1,1,0,13,0,,13,
Muhammed Shanil,1,4,0,49,0,,12.25,
RG Mukasa,2,7,0,40,0,,5.71,
Muktar Ali,1,2,0,17,0,,8.5,
FF Mulivai,1,0.1,0,6,0,,36,
T Munyonga,1,1,0,3,0,,3,
Musawar Shah,2,3,0,32,0,,10.66,
S Nadigotla,1,2,0,10,0,,5,
Nanda Kumar,1,1,0,10,0,,10,
M Nandela,1,1,0,13,0,,13,
N Nankov,1,1,0,15,0,,15,
A Nao,2,5,0,49,0,,9.8,
Nasir Aziz,1,4,0,21,0,,5.25,
A Natubhai Ahir,3,6,0,49,0,,8.16,
Nawaf Ahmed,1,2,0,16,0,,8,
R Nehonde,5,13,0,113,0,,8.69,
S Nerandzic,1,2,0,26,0,,13,
K Nestor,2,6.2,0,54,0,,8.52,
A Nortje,1,3,0,27,0,,9,
J Nyumbu,2,6,0,76,0,,12.66,
R Olipa,1,1,0,8,0,,8,
Omar Hayat,1,1,0,11,0,,11,
A Orfila,1,1,0,7,0,,7,
A Patel,1,1,0,19,0,,19,
C Pengkumta,4,7,0,58,0,,8.28,
AK Perera,1,1,0,17,0,,17,
PDRL Perera,2,7,0,77,0,,11,
T Perera,2,3,0,37,0,,12.33,
S Periyalwar,1,0.1,0,4,0,,24,
V Permaul,1,0.3,0,8,0,,16,
OL Pitcher,1,1,0,7,0,,7,
C Prasad,1,2,0,12,0,,6,
KTGD Prasad,1,3,0,37,0,,12.33,
EC Rainsford,2,6,0,67,0,,11.16,
Rashid Khan,1,4,0,19,0,,4.75,
Robiul Islam,1,1,0,13,0,,13,
R Rohan,1,1,0,7,0,,7,
GR Russ,2,3,0,52,0,,17.33,
SE Rutherford,1,3,0,28,0,,9.33,
Saad Nasim,1,1,0,12,0,,12,
Sajedul Islam,1,1,0,15,0,,15,
Sakib Hasan,1,1,0,13,0,,13,
Saqlain Arshad,1,1,0,12,0,,12,
Saqlain Sajib,1,3.3,0,40,0,,11.42,
M Sarenac,1,1,0,12,0,,12,
V Sehwag,1,1,0,20,0,,20,
K Senamontree,2,2,0,29,0,,14.5,
YSD Seneveratne,2,2,0,22,0,,11,
Shabbir Ahmed,1,2,0,19,0,,9.5,
JNK Shannon,1,1,0,11,0,,11,
Shoaib Gazi Hossain,1,2,0,23,0,,11.5,
P Silas,1,1,0,21,0,,21,
KRP Silva,1,2,0,19,0,,9.5,
M Simmons,1,2.1,0,21,0,,9.69,
GC Smith,3,4,0,57,0,,14.25,
RAJ Smith,2,6.5,0,66,0,,9.65,
JN Snape,1,1,0,12,0,,12,
Sohaib Maqsood,1,1,0,12,0,,12,
Soheel Hussain,1,1,0,7,0,,7,
Sohrawordi Shuvo,1,1,0,12,0,,12,
S Sola,1,1,0,9,0,,9,
S Soosiyakumar,1,2,0,16,0,,8,
TJ Stephenson,1,1,0,11,0,,11,
Suresh Kumar,2,4,0,35,0,,8.75,
T Taibu,2,4,0,41,0,,10.25,
Tarun Sharma,1,1,0,14,0,,14,
J Thinley,2,3,0,25,0,,8.33,
S Tobgay,1,4,0,50,0,,12.5,
T Tshose,1,2,0,12,0,,6,
TE Tucker,1,2,0,5,0,,2.5,
S Tyagi,1,2,0,21,0,,10.5,
HER Tyler,2,6,0,48,0,,8,
E Ul Haq,1,0.1,0,4,0,,24,
R Ulutuna,1,1,0,11,0,,11,
S Vesawkar,1,3,0,25,0,,8.33,
JK Vifah,1,1.1,0,8,0,,6.85,
M Vijay,1,2,0,9,0,,4.5,
V Vijh,3,7.5,0,72,0,,9.19,
Vimal Kumar,1,3,0,32,0,,10.66,
MN Waller,3,5,0,42,0,,8.4,
Waqas Ali,1,1,0,9,0,,9,
Waqas Khan,1,1,0,12,0,,12,
Waqas Raja,1,1,0,9,0,,9,
Wasim Ali,1,2,0,16,0,,8,
JW Wilson,1,4,0,43,0,,10.75,
Yasir Shah,2,4,0,39,0,,9.75,
N Yordanov,1,3,0,20,0,,6.66,
Zeeshan Abbas,1,4,0,20,0,,5,
Aamer Ikram,,,,,,,,
Aarif Sheikh,,,,,,,,
Z Abbasi,,,,,,,,
Abbas Saad,,,,,,,,
Abdul Rashid,,,,,,,,
Abdul Shakoor,,,,,,,,
Abdul Shakoor,,,,,,,,
Abraash Khan,,,,,,,,
Abrar Bilal,,,,,,,,
F Achelam,,,,,,,,
Abdul Hashmi,,,,,,,,
Adil Hanif,,,,,,,,
Adnan Ilyas,,,,,,,,
Adnan Mufti,,,,,,,,
Afsar Zazai,,,,,,,,
P Agnihotri,,,,,,,,
RI Ahmed,,,,,,,,
Ahmed Faiz,,,,,,,,
Ahsan Abbasi,,,,,,,,
KK Ahuja,,,,,,,,
Ainool Hafizs,,,,,,,,
Ainool Haqqiem,,,,,,,,
PS Airee,,,,,,,,
C Akyuz,,,,,,,,
Ali Ivan,,,,,,,,
HS Alta,,,,,,,,
TR Ambrose,,,,,,,,
Amjad Ali,,,,,,,,
Amjad Khan,,,,,,,,
HM Amla,,,,,,,,
Anamul Haque,,,,,,,,
Anam Mollik,,,,,,,,
Anas Khan,,,,,,,,
A Anemogiannis,,,,,,,,
B Angeltti,,,,,,,,
Anwar Arudin,,,,,,,,
SE Aquilina,,,,,,,,
Areeb Quadir,,,,,,,,
Z Arinaitwe,,,,,,,,
Aritra Dutta,,,,,,,,
RP Arnold,,,,,,,,
P Arora,,,,,,,,
Arsalan Arif,,,,,,,,
Arslan Ahmed,,,,,,,,
Asad Shafiq,,,,,,,,
Asif Ali,,,,,,,,
Aslam Mohammad,,,,,,,,
SK Atai,,,,,,,,
MS Atapattu,,,,,,,,
S Ateak,,,,,,,,
JJ Atkinson,,,,,,,,
Awais Ahmed,,,,,,,,
Awais Zia,,,,,,,,
AJ Ayannaike,,,,,,,,
Azyan Farhath,,,,,,,,
F Baaleri,,,,,,,,
SJ Baard,,,,,,,,
Babar Azam,,,,,,,,
Babar Hayat,,,,,,,,
S Badrinath,,,,,,,,
A Bagai,,,,,,,,
GJ Bailey,,,,,,,,
JM Bairstow,,,,,,,,
R Bakum,,,,,,,,
V Balakrishnan,,,,,,,,
A Balbirnie,,,,,,,,
CT Bancroft,,,,,,,,
B Banerjee,,,,,,,,
T Banton,,,,,,,,
AB Barath,,,,,,,,
J Barker,,,,,,,,
LJ Barker,,,,,,,,
TC Barker,,,,,,,,
P Baron,,,,,,,,
MC Bascombe,,,,,,,,
O Bascome,,,,,,,,
OO Bascome,,,,,,,,
TC Bastiampillai,,,,,,,,
D Bau,,,,,,,,
CS Baugh,,,,,,,,
T Bavuma,,,,,,,,
IR Bell,,,,,,,,
A Bhagwat,,,,,,,,
B Bhandari,,,,,,,,
M Bhanuka,,,,,,,,
TS Bharaj,,,,,,,,
RA Bhatti,,,,,,,,
MP Biddappa,,,,,,,,
Bilal Ahmed,,,,,,,,
Bilal Tahir,,,,,,,,
IS Billcliff,,,,,,,,
SW Billings,,,,,,,,
K Birkenstock,,,,,,,,
TR Birt,,,,,,,,
C Bisson,,,,,,,,
AM Blignaut,,,,,,,,
TA Blundell,,,,,,,,
GH Bodi,,,,,,,,
LE Bosman,,,,,,,,
MV Boucher,,,,,,,,
DM Bravo,,,,,,,,
JP Bray,,,,,,,,
NT Broom,,,,,,,,
DG Brownlie,,,,,,,,
TC Bruce,,,,,,,,
NB Budayair,,,,,,,,
DE Budge,,,,,,,,
A Bulow,,,,,,,,
JC Buttler,,,,,,,,
AF Buurman,,,,,,,,
S Byrne,,,,,,,,
G Caisley,,,,,,,,
MA Carberry,,,,,,,,
AT Carey,,,,,,,,
C Carter,,,,,,,,
T Caruana,,,,,,,,
D Cato,,,,,,,,
JJ Celestine,,,,,,,,
RW Chakabva,,,,,,,,
S Chanderpaul,,,,,,,,
LD Chandimal,,,,,,,,
VD Chandra,,,,,,,,
S Chandramohan,,,,,,,,
BB Chari,,,,,,,,
J Charles,,,,,,,,
G Chaturvedi,,,,,,,,
N Chejay,,,,,,,,
C Chete,,,,,,,,
VB Chikkannaiah,,,,,,,,
Chirag Suri,,,,,,,,
S Chophel,,,,,,,,
DO Christian,,,,,,,,
I Civric,,,,,,,,
GL Cloete,,,,,,,,
FRJ Coleman,,,,,,,,
LA Collado,,,,,,,,
NG Collins,,,,,,,,
AN Cook,,,,,,,,
BN Cooper,,,,,,,,
SJ Cotter,,,,,,,,
CK Coventry,,,,,,,,
MH Cross,,,,,,,,
DDP D'Silva,,,,,,,,
D Daesrath,,,,,,,,
S Dalton,,,,,,,,
P Danci,,,,,,,,
RR David,,,,,,,,
SM Davies,,,,,,,,
N Davin,,,,,,,,
TB de Bruyn,,,,,,,,
TN de Grooth,,,,,,,,
Q de Kock,,,,,,,,
CJ Delany,,,,,,,,
D de la Puente,,,,,,,,
SI de Saram,,,,,,,,
AB de Villiers,,,,,,,,
S Dhawan,,,,,,,,
Dhiman Ghosh,,,,,,,,
MS Dhoni,,,,,,,,
N Dickwella,,,,,,,,
V Dikov,,,,,,,,
HH Dippenaar,,,,,,,,
K Doriga,,,,,,,,
JN Dorji,,,,,,,,
RM Dorji,,,,,,,,
U Dorji,,,,,,,,
TM Dowlin,,,,,,,,
R Dravid,,,,,,,,
BM Duckett,,,,,,,,
LA Dunbar,,,,,,,,
JSE Dunford,,,,,,,,
BR Dunk,,,,,,,,
J Dunn,,,,,,,,
G Dutta,,,,,,,,
J Edness,,,,,,,,
SA Edwards,,,,,,,,
L Emilio,,,,,,,,
C Emmott,,,,,,,,
CR Ervine,,,,,,,,
R Escobar,,,,,,,,
Fahad Ali,,,,,,,,
Faisal Javed,,,,,,,,
Faizan Asif,,,,,,,,
LB Ferbrache,,,,,,,,
A Ferguson,,,,,,,,
CJ Ferguson,,,,,,,,
BOP Fernando,,,,,,,,
WIA Fernando,,,,,,,,
NJ Ferraby,,,,,,,,
Fiaz Ahmed,,,,,,,,
Fida Hussain,,,,,,,,
SE Findlay,,,,,,,,
R Flannigan,,,,,,,,
SP Fleming,,,,,,,,
ADS Fletcher,,,,,,,,
BT Foakes,,,,,,,,
CR Foggo,,,,,,,,
JS Foster,,,,,,,,
O Fournier,,,,,,,,
TS Fray,,,,,,,,
JD Freyone,,,,,,,,
PG Fulton,,,,,,,,
PF Gallagher,,,,,,,,
G Gambhir,,,,,,,,
AR Gandhi,,,,,,,,
D Ganga,,,,,,,,
Garret Banner,,,,,,,,
A Gavde,,,,,,,,
R Gaznavi,,,,,,,,
Gershon Yusuf,,,,,,,,
L Gharasim,,,,,,,,
Ghulam Shabber,,,,,,,,
HH Gibbs,,,,,,,,
AC Gilchrist,,,,,,,,
O Goker,,,,,,,,
LF Goncalves,,,,,,,,
DM Gondaria,,,,,,,,
R Goodwin,,,,,,,,
M Goonetilleke,,,,,,,,
TG Gordon,,,,,,,,
S Goud,,,,,,,,
ZE Green,,,,,,,,
R Gunasekera,,,,,,,,
K Gupta,,,,,,,,
BJ Haddin,,,,,,,,
OJ Hairs,,,,,,,,
AD Hales,,,,,,,,
S Hallett,,,,,,,,
GM Hamilton,,,,,,,,
Hammad Azam,,,,,,,,
Hamza Tariq,,,,,,,,
PSP Handscomb,,,,,,,,
Haris Sohail,,,,,,,,
Hashmatullah Shahidi,,,,,,,,
Hassan Rasheed,,,,,,,,
C Hauptfleisch,,,,,,,,
ML Hayden,,,,,,,,
Hazratullah Zazai,,,,,,,,
H Helva,,,,,,,,
DL Hemp,,,,,,,,
RR Hendricks,,,,,,,,
SO Hetmyer,,,,,,,,
Hilal Ahmad,,,,,,,,
WW Hinds,,,,,,,,
SD Hope,,,,,,,,
GJ Hopkins,,,,,,,,
JM How,,,,,,,,
PJ Hughes,,,,,,,,
DP Hyatt,,,,,,,,
Ibrahim Zadran,,,,,,,,
ImamulHaq,,,,,,,,
Imran Ali Butt,,,,,,,,
Imran Farhat,,,,,,,,
Imran Haider,,,,,,,,
Imran Ismail,,,,,,,,
Imran Nazir,,,,,,,,
Imrul Kayes,,,,,,,,
CA Ingram,,,,,,,,
PJ Ingram,,,,,,,,
InzamamulHaq,,,,,,,,
H Ivanov,,,,,,,,
SS Iyer,,,,,,,,
KM Jadhav,,,,,,,,
Jahurul Islam,,,,,,,,
S Jamil,,,,,,,,
Javed Ahmadi,,,,,,,,
CU Jayasinghe,,,,,,,,
JW Jenner,,,,,,,,
JS Jesani,,,,,,,,
K Jethi,,,,,,,,
GO Jones,,,,,,,,
C Jonker,,,,,,,,
S Jora,,,,,,,,
HJ Jordaan,,,,,,,,
GJ Joseph,,,,,,,,
K Joshi,,,,,,,,
EC Joyce,,,,,,,,
Junaid Siddique,,,,,,,,
S Jyoti,,,,,,,,
G Kaltongga,,,,,,,,
Kamran Akmal,,,,,,,,
SHT Kandamby,,,,,,,,
CK Kapugedera,,,,,,,,
IA Karim,,,,,,,,
KD Karthik,,,,,,,,
SM Katich,,,,,,,,
I Katzarski,,,,,,,,
HB Kayondo,,,,,,,,
AN Kervezee,,,,,,,,
S Keshvani,,,,,,,,
RWT Key,,,,,,,,
SP Khakurel,,,,,,,,
Khalid Latif,,,,,,,,
UT Khawaja,,,,,,,,
Khizer Ahmed,,,,,,,,
N Khosla,,,,,,,,
Khurram Manzoor,,,,,,,,
Khurram Nawaz,,,,,,,,
Khushdil Shah,,,,,,,,
C Kieswetter,,,,,,,,
TCR Kimber,,,,,,,,
BA King,,,,,,,,
NR Kirton,,,,,,,,
H Klaasen,,,,,,,,
M Klinger,,,,,,,,
EB Knowles,,,,,,,,
MF Koc,,,,,,,,
JP Kotze,,,,,,,,
HG Kuhn,,,,,,,,
HGJM Kulatunga,,,,,,,,
Kuldeep Singh,,,,,,,,
T Langa,,,,,,,,
TWM Latham,,,,,,,,
RE Levi,,,,,,,,
E Lewis,,,,,,,,
Liton Das,,,,,,,,
LS Livingstone,,,,,,,,
K Loday,,,,,,,,
L Louwrens,,,,,,,,
MJ Lumb,,,,,,,,
CA Lynn,,,,,,,,
NFI McCallum,,,,,,,,
BB McCullum,,,,,,,,
BR McDermott,,,,,,,,
PD McGlashan,,,,,,,,
ND McKenzie,,,,,,,,
CD McMillan,,,,,,,,
NJ Maddinson,,,,,,,,
RP Magar,,,,,,,,
JN Malan,,,,,,,,
JS Malhotra,,,,,,,,
G Malla,,,,,,,,
Mamoon Latif,,,,,,,,
G Manan,,,,,,,,
AK Mandal,,,,,,,,
Mandeep Singh,,,,,,,,
A Manousis,,,,,,,,
Manpreet Singh,,,,,,,,
Manpreet Singh,,,,,,,,
AK Markram,,,,,,,,
SE Marsh,,,,,,,,
HJH Marshall,,,,,,,,
JAH Marshall,,,,,,,,
XM Marshall,,,,,,,,
DR Martyn,,,,,,,,
I Master,,,,,,,,
V Mbazo,,,,,,,,
RD McCann,,,,,,,,
SS McKechnie,,,,,,,,
GP Meade,,,,,,,,
M Meade,,,,,,,,
J Mees,,,,,,,,
AS Mehmi,,,,,,,,
BKG Mendis,,,,,,,,
JH Mensah,,,,,,,,
Mian Mehmood,,,,,,,,
Michael Nazir,,,,,,,,
DA Miller,,,,,,,,
Mirza Ahsan,,,,,,,,
MisbahulHaq,,,,,,,,
Mohamed Azzam,,,,,,,,
Mohamed Rishwan,,,,,,,,
Mohammad Amin,,,,,,,,
Mohammad Iqbal,,,,,,,,
Mohammad Mithun,,,,,,,,
Mohammad Naim,,,,,,,,
Mohammad Qazi,,,,,,,,
Mohammed Rizlan,,,,,,,,
Mohammad Rizwan,,,,,,,,
Mohammad Salman,,,,,,,,
Mohammad Shahzad,,,,,,,,
Mohammad Yousuf,,,,,,,,
Mohammed Nurji,,,,,,,,
AK Mohan,,,,,,,,
GMC Mol,,,,,,,,
D Mongia,,,,,,,,
PJ Moor,,,,,,,,
VV Morea,,,,,,,,
EJG Morgan,,,,,,,,
RS Morton,,,,,,,,
M Mosehle,,,,,,,,
K Motlhanka,,,,,,,,
Muaviath Ganee,,,,,,,,
Mudassar Muhammad,,,,,,,,
Muhammad Amir,,,,,,,,
Muhammad Awais,,,,,,,,
Muhammad Hamayun,,,,,,,,
Muhammad Kaleem,,,,,,,,
Muhammad Khurram,,,,,,,,
Muhammad Usman,,,,,,,,
Mukhtar Ahmed,,,,,,,,
Mukhtiar Singh,,,,,,,,
AA Mulla,,,,,,,,
Munir Dar,,,,,,,,
C MunozMills,,,,,,,,
HG Munsey,,,,,,,,
G Murali,,,,,,,,
D Murphy,,,,,,,,
TK Musakanda,,,,,,,,
Mushfiqur Rahim,,,,,,,,
P Mustard,,,,,,,,
F Mutizwa,,,,,,,,
R Mutumbami,,,,,,,,
M Mwamadi,,,,,,,,
SJ Myburgh,,,,,,,,
Nadif Chowdhury,,,,,,,,
Najeeb Tarakai,,,,,,,,
Najibullah Zadran,,,,,,,,
Naseem Khushi,,,,,,,,
Nasir Jamshed,,,,,,,,
Nauman Anwar,,,,,,,,
Nawazish Jezuli,,,,,,,,
Nazimuddin,,,,,,,,
Najmul Hossain Shanto,,,,,,,,
Nazmus Sadat,,,,,,,,
Nazwan Ismail,,,,,,,,
PM Nevill,,,,,,,,
OE Newey,,,,,,,,
HM Nicholls,,,,,,,,
G Nikitas,,,,,,,,
PA Nixon,,,,,,,,
ML Nkala,,,,,,,,
F Nkhoma,,,,,,,,
Noor Ali Zadran,,,,,,,,
Noor Momand,,,,,,,,
MJ North,,,,,,,,
Nurul Hasan,,,,,,,,
AA Obanda,,,,,,,,
NJ O'Brien,,,,,,,,
DO Obuya,,,,,,,,
NV Ojha,,,,,,,,
AA Onikoyi,,,,,,,,
CN Onwuzulike,,,,,,,,
KO Otieno,,,,,,,,
A Otwani,,,,,,,,
MA Ouma,,,,,,,,
SD Outerbridge,,,,,,,,
Ovais Yousof,,,,,,,,
VS Padhaal,,,,,,,,
TD Paine,,,,,,,,
K Pala,,,,,,,,
I Pandey,,,,,,,,
MK Pandey,,,,,,,,
RR Pant,,,,,,,,
AE Paraam,,,,,,,,
BA Parchment,,,,,,,,
M Patel,,,,,,,,
M Patel,,,,,,,,
MD Patel,,,,,,,,
PA Patel,,,,,,,,
RN Patel,,,,,,,,
SP Patil,,,,,,,,
RK Paudel,,,,,,,,
BBJL Perera,,,,,,,,
MDKJ Perera,,,,,,,,
SL Perera,,,,,,,,
WKD Perkins,,,,,,,,
AN Petersen,,,,,,,,
T Phaswana,,,,,,,,
GD Phillips,,,,,,,,
R Pillai,,,,,,,,
LA Pomersbach,,,,,,,,
RT Ponting,,,,,,,,
NS Poonia,,,,,,,,
N Pooran,,,,,,,,
WTS Porterfield,,,,,,,,
VRCF Poubel,,,,,,,,
A Poulose,,,,,,,,
KOA Powell,,,,,,,,
AD Poynter,,,,,,,,
SW Poynter,,,,,,,,
H Pragji,,,,,,,,
AG Prince,,,,,,,,
MJ Prior,,,,,,,,
SMA Priyanjan,,,,,,,,
Qalandar Khan,,,,,,,,
S Qeshile,,,,,,,,
Raees Ahmadzai,,,,,,,,
Rafatullah Mohmand,,,,,,,,
AM Rahane,,,,,,,,
Rahmanullah Gurbaz,,,,,,,,
Rahman Ademi,,,,,,,,
KL Rahul,,,,,,,,
PBB Rajapaksa,,,,,,,,
D Ramdin,,,,,,,,
Rameez Raja,,,,,,,,
Rameez Shahzad,,,,,,,,
Aminuddin Ramly,,,,,,,,
DA Rankin,,,,,,,,
Raqibul Hasan,,,,,,,,
Ravinderpal Singh,,,,,,,,
AT Rayudu,,,,,,,,
Razmal Shigiwal,,,,,,,,
CMW Read,,,,,,,,
NJ Reardon,,,,,,,,
DJ Reekers,,,,,,,,
Rehman Abdul,,,,,,,,
FL Reifer,,,,,,,,
ACL Richards,,,,,,,,
DM Richards,,,,,,,,
MJ Richardson,,,,,,,,
CP Rizwan,,,,,,,,
Rizwan Mahmood,,,,,,,,
BJ Rohrer,,,,,,,,
L Ronchi,,,,,,,,
Rony Talukdar,,,,,,,,
RR Rossouw,,,,,,,,
JJ Roy,,,,,,,,
JA Rudolph,,,,,,,,
RJMGM Rupasinghe,,,,,,,,
HD Rutherford,,,,,,,,
VM Sachdev,,,,,,,,
AK Sah,,,,,,,,
Sahibzada Farhan,,,,,,,,
Sajid Cheema,,,,,,,,
J Salazar,,,,,,,,
Salman Butt,,,,,,,,
S Samarawickrama,,,,,,,,
BA Sambo,,,,,,,,
SV Samson,,,,,,,,
R Sandaruwan,,,,,,,,
KC Sangakkara,,,,,,,,
Saqlain Haider,,,,,,,,
Sarfaraz Ahmed,,,,,,,,
A Sarma,,,,,,,,
JOP Scamans,,,,,,,,
JD Schoonheim,,,,,,,,
TL Seifert,,,,,,,,
Shabir Noori,,,,,,,,
Shafiqullah,,,,,,,,
Shafiq Sharif,,,,,,,,
Shafraz Jaleel,,,,,,,,
OA Shah,,,,,,,,
Shahbaz Badar,,,,,,,,
Shaheryar Butt,,,,,,,,
Shahid Wasif,,,,,,,,
Shahriar Nafees,,,,,,,,
Shahzaib Hasan,,,,,,,,
Shaiman Anwar,,,,,,,,
Shakeel Ansar,,,,,,,,
Shamsudheen Purat,,,,,,,,
Shamsur Rahman,,,,,,,,
Sharjeel Khan,,,,,,,,
D Sheeli,,,,,,,,
V Shetty,,,,,,,,
Shoaib Khan jnr,,,,,,,,
V Sibanda,,,,,,,,
Simandeep Singh,,,,,,,,
Simranjit Singh,,,,,,,,
MS Sinclair,,,,,,,,
H Singh,,,,,,,,
S Singh,,,,,,,,
JR Singleton,,,,,,,,
RM Siri,,,,,,,,
CJO Smith,,,,,,,,
DS Smith,,,,,,,,
S Smith,,,,,,,,
SJS Smith,,,,,,,,
J Smits,,,,,,,,
S Sohal,,,,,,,,
M Sohel Patel,,,,,,,,
VS Solanki,,,,,,,,
ES Soto,,,,,,,,
L Sreekumar,,,,,,,,
H Srinivasan,,,,,,,,
AJ Staal,,,,,,,,
BS Stephenson,,,,,,,,
MWR Stokes,,,,,,,,
F Stoman,,,,,,,,
AJ Strauss,,,,,,,,
GM Strydom,,,,,,,,
R Strydom,,,,,,,,
Sultan Ahmed,,,,,,,,
Sumair Khan,,,,,,,,
Suraj Kumar,,,,,,,,
ZE Surkari,,,,,,,,
K Suttisan,,,,,,,,
P Syafiq Ali,,,,,,,,
ES Szwarczynski,,,,,,,,
Talha Khan,,,,,,,,
Tamim Iqbal,,,,,,,,
R Tari,,,,,,,,
LRPL Taylor,,,,,,,,
HT Tector,,,,,,,,
VE Tembo,,,,,,,,
SP Terry,,,,,,,,
H Thaker,,,,,,,,
WU Tharanga,,,,,,,,
HDRL Thirimanne,,,,,,,,
DC Thomas,,,,,,,,
RA Thomas,,,,,,,,
GJ Thompson,,,,,,,,
MK Tiwary,,,,,,,,
C Tommy,,,,,,,,
OFJ Tonuu,,,,,,,,
ME Trescothick,,,,,,,,
A Tripathi,,,,,,,,
IJL Trott,,,,,,,,
LJ Tucker,,,,,,,,
ML Udawatte,,,,,,,,
T Ulutuna,,,,,,,,
J Umanath,,,,,,,,
Umar Akmal,,,,,,,,
Umar Amin,,,,,,,,
TP Ura,,,,,,,,
Usman Ghani,,,,,,,,
Usman Limbada,,,,,,,,
Usman Mushtaq,,,,,,,,
Usman Waheed,,,,,,,,
RV Uthappa,,,,,,,,
HE van der Dussen,,,,,,,,
VB van Jaarsveld,,,,,,,,
MN van Wyk,,,,,,,,
S Varathappan,,,,,,,,
JNT Vare,,,,,,,,
MP Vaughan,,,,,,,,
G Venkateswaran,,,,,,,,
Vikramjit Singh,,,,,,,,
DJ Vilas,,,,,,,,
JM Vince,,,,,,,,
L Vincent,,,,,,,,
Vinod Kumar,,,,,,,,
J Vira,,,,,,,,
TP Visee,,,,,,,,
Vishal Ahir,,,,,,,,
R Vishwanath,,,,,,,,
KDK Vithanage,,,,,,,,
MS Wade,,,,,,,,
CD Wallace,,,,,,,,
CAK Walton,,,,,,,,
T Wangchuk jnr,,,,,,,,
DA Warner,,,,,,,,
VS Wategaonkar,,,,,,,,
BJ Watling,,,,,,,,
DF Watts,,,,,,,,
D Weston,,,,,,,,
SA Wijeyeratne,,,,,,,,
OR Willis,,,,,,,,
GC Wilson,,,,,,,,
AS Wright,,,,,,,,
Yasar Idrees,,,,,,,,
KJ Young,,,,,,,,
Zaheer Ibrahim,,,,,,,,
Zakir Hasan,,,,,,,,
Zameer Khan,,,,,,,,
Zeeshan Siddiqui,,,,,,,,
Ziaur Rehman,,,,,,,,
Zishan Shah,,,,,,,,
Zubaidi Zulkifle,,,,,,,,
B Zuiderent,,,,,,,,
Zulqarnain Haider,,,,,,,,
